TemperaturaMax,TemperaturaProm,TemperaturaMin,HumedadMax,HumedadProm,HumedadMin,VientoMaxKMXH,VientoPromKMXH,PrecipitacionMM,Eventos
22.77777778,17.22222222,11.11111111,83,66,49,9.656064,1.609344,0, 
15,8.333333333,1.666666667,59,40,20,11.265408,3.218688,0, 
18.33333333,16.11111111,13.33333333,57,47,37,11.265408,6.437376,0, 
21.66666667,15.55555556,8.888888889,80,53,26,11.265408,3.218688,0, 
28.88888889,20,11.11111111,83,53,23,11.265408,1.609344,0, 
13.33333333,7.222222222,1.111111111,82,59,35,11.265408,1.609344,0, 
29.44444444,22.77777778,15.55555556,84,64,44,11.265408,3.218688,0, 
33.88888889,27.22222222,20.55555556,84,64,44,11.265408,3.218688,0, 
20.55555556,13.88888889,6.666666667,92,64,35,11.265408,1.609344,0, 
36.11111111,30,23.88888889,94,66,38,11.265408,4.828032,0, 
35.55555556,29.44444444,23.88888889,90,67,46,11.265408,1.609344,0, 
21.11111111,16.66666667,11.66666667,83,69,55,11.265408,3.218688,0, 
26.11111111,18.33333333,10.55555556,87,70,52,11.265408,4.828032,0, 
15,11.66666667,7.777777778,93,72,51,11.265408,3.218688,0, 
24.44444444,18.33333333,12.22222222,93,75,57,11.265408,3.218688,0, 
12.77777778,10,7.222222222,100,86,72,11.265408,3.218688,0, 
25,21.66666667,17.77777778,100,87,73,11.265408,3.218688,0, 
15,12.22222222,8.888888889,100,88,75,11.265408,1.609344,0, 
30.55555556,22.22222222,13.33333333,57,40,22,12.874752,4.828032,0, 
7.222222222,3.333333333,-1.111111111,58,44,30,12.874752,4.828032,0, 
32.22222222,25,17.22222222,63,44,24,12.874752,4.828032,0, 
30.55555556,22.77777778,15,67,45,23,12.874752,3.218688,0, 
28.88888889,21.66666667,14.44444444,73,49,24,12.874752,6.437376,0, 
15,8.333333333,1.111111111,75,49,23,12.874752,4.828032,0, 
31.66666667,23.33333333,15,72,51,29,12.874752,6.437376,0, 
14.44444444,7.222222222,0,76,52,27,12.874752,4.828032,0, 
26.11111111,17.77777778,9.444444444,80,53,25,12.874752,4.828032,0, 
21.11111111,8.888888889,-3.333333333,85,53,20,12.874752,1.609344,0, 
28.33333333,22.22222222,15.55555556,73,54,34,12.874752,3.218688,0, 
11.11111111,5,-1.666666667,75,54,32,12.874752,6.437376,0, 
12.77777778,7.777777778,2.222222222,76,54,32,12.874752,1.609344,0, 
13.88888889,5.555555556,-3.333333333,81,54,27,12.874752,3.218688,0, 
15,8.333333333,1.111111111,82,56,30,12.874752,3.218688,0, 
29.44444444,24.44444444,19.44444444,74,57,40,12.874752,4.828032,0, 
23.33333333,16.11111111,8.333333333,86,59,31,12.874752,4.828032,0, 
26.11111111,17.22222222,7.777777778,86,59,32,12.874752,1.609344,0, 
35,28.88888889,22.22222222,87,60,33,12.874752,4.828032,0, 
30,22.77777778,15,87,60,32,12.874752,3.218688,0, 
13.88888889,6.666666667,-0.555555556,85,61,36,12.874752,4.828032,0, 
17.22222222,11.11111111,4.444444444,86,61,36,12.874752,1.609344,0, 
28.88888889,21.66666667,14.44444444,93,61,28,12.874752,4.828032,0, 
24.44444444,16.66666667,8.333333333,93,61,29,12.874752,3.218688,0, 
31.66666667,25,18.33333333,93,61,29,12.874752,1.609344,0, 
31.11111111,26.66666667,22.22222222,79,62,45,12.874752,3.218688,0, 
31.11111111,23.88888889,16.66666667,84,62,39,12.874752,3.218688,0, 
36.66666667,30,22.77777778,87,62,36,12.874752,4.828032,0, 
33.33333333,27.22222222,20.55555556,84,64,44,12.874752,3.218688,0, 
17.77777778,10.55555556,3.333333333,92,64,36,12.874752,4.828032,0, 
35.55555556,30,23.88888889,87,65,42,12.874752,3.218688,0, 
29.44444444,22.22222222,14.44444444,93,65,37,12.874752,3.218688,0, 
24.44444444,16.66666667,8.333333333,93,66,38,12.874752,1.609344,0, 
3.333333333,1.111111111,-1.666666667,78,68,58,12.874752,4.828032,0, 
31.11111111,25.55555556,20,90,68,45,12.874752,3.218688,0, 
31.66666667,25.55555556,19.44444444,93,68,43,12.874752,3.218688,0, 
35.55555556,30,24.44444444,94,68,42,12.874752,3.218688,0, 
15,8.888888889,2.222222222,92,70,47,12.874752,3.218688,0, 
31.11111111,24.44444444,17.77777778,93,70,46,12.874752,3.218688,0, 
24.44444444,16.11111111,7.777777778,93,70,46,12.874752,1.609344,0, 
31.11111111,25.55555556,20,93,70,46,12.874752,3.218688,0, 
36.66666667,30.55555556,23.88888889,94,70,45,12.874752,3.218688,0, 
20.55555556,13.33333333,6.111111111,100,70,39,12.874752,1.609344,0, 
21.66666667,17.77777778,13.33333333,90,72,53,12.874752,4.828032,0, 
27.77777778,22.77777778,17.22222222,100,73,45,12.874752,3.218688,0, 
27.77777778,23.33333333,18.33333333,93,74,54,12.874752,3.218688,0, 
28.88888889,23.88888889,18.33333333,93,74,55,12.874752,3.218688,0, 
28.33333333,22.77777778,16.66666667,93,74,55,12.874752,4.828032,0, 
30,25.55555556,21.11111111,90,76,61,12.874752,3.218688,0, 
31.11111111,26.11111111,20.55555556,97,76,55,12.874752,3.218688,0, 
24.44444444,18.33333333,12.22222222,93,79,64,12.874752,3.218688,0, 
27.22222222,22.22222222,16.66666667,100,79,58,12.874752,3.218688,0, 
12.22222222,11.11111111,9.444444444,86,82,72,12.874752,4.828032,0, 
22.77777778,21.66666667,20,93,89,84,12.874752,6.437376,0, 
28.33333333,21.11111111,13.33333333,51,33,14,14.484096,4.828032,0, 
28.88888889,21.66666667,13.88888889,51,33,14,14.484096,6.437376,0, 
20,11.11111111,2.777777778,68,35,21,14.484096,6.437376,0, 
35.55555556,25.55555556,15.55555556,60,36,12,14.484096,4.828032,0, 
22.22222222,15,7.222222222,64,39,14,14.484096,4.828032,0, 
29.44444444,24.44444444,19.44444444,57,45,32,14.484096,3.218688,0, 
31.11111111,23.88888889,16.66666667,67,46,25,14.484096,6.437376,0, 
31.11111111,22.22222222,13.33333333,72,46,20,14.484096,3.218688,0, 
28.33333333,20,11.11111111,77,49,20,14.484096,4.828032,0, 
25,18.33333333,11.66666667,71,50,28,14.484096,4.828032,0, 
36.66666667,28.88888889,21.11111111,73,50,27,14.484096,6.437376,0, 
21.66666667,12.22222222,2.222222222,76,50,23,14.484096,3.218688,0, 
26.66666667,21.11111111,15,72,51,29,14.484096,6.437376,0, 
26.11111111,17.77777778,9.444444444,77,52,27,14.484096,4.828032,0, 
19.44444444,11.66666667,3.333333333,85,53,20,14.484096,4.828032,0, 
20,14.44444444,8.333333333,71,54,37,14.484096,8.04672,0, 
23.33333333,13.33333333,3.333333333,82,54,25,14.484096,4.828032,0, 
35,28.33333333,21.66666667,79,55,31,14.484096,4.828032,0, 
35,28.33333333,21.11111111,84,55,26,14.484096,4.828032,0, 
29.44444444,19.44444444,8.888888889,86,55,23,14.484096,4.828032,0, 
31.11111111,21.66666667,11.66666667,83,57,30,14.484096,1.609344,0, 
26.66666667,17.77777778,8.333333333,86,57,27,14.484096,3.218688,0, 
14.44444444,8.888888889,2.777777778,79,58,36,14.484096,6.437376,0, 
30,21.66666667,12.77777778,86,58,30,14.484096,4.828032,0, 
38.33333333,31.66666667,24.44444444,87,58,29,14.484096,3.218688,0, 
33.88888889,28.33333333,22.77777778,79,60,41,14.484096,6.437376,0, 
34.44444444,27.22222222,20,84,60,36,14.484096,4.828032,0, 
25.55555556,17.22222222,8.888888889,86,60,33,14.484096,4.828032,0, 
35,27.77777778,20.55555556,90,60,30,14.484096,4.828032,0, 
35.55555556,29.44444444,23.33333333,94,60,26,14.484096,4.828032,0, 
28.33333333,20.55555556,12.77777778,87,61,34,14.484096,4.828032,0, 
17.22222222,8.888888889,0,92,61,30,14.484096,3.218688,0, 
37.22222222,30.55555556,23.33333333,93,62,31,14.484096,4.828032,0, 
28.88888889,22.22222222,15.55555556,90,64,37,14.484096,3.218688,0, 
22.22222222,14.44444444,6.111111111,93,64,35,14.484096,3.218688,0, 
35,29.44444444,23.88888889,87,65,43,14.484096,6.437376,0, 
35.55555556,30,23.88888889,87,66,45,14.484096,6.437376,0, 
17.22222222,10,2.777777778,92,66,39,14.484096,3.218688,0, 
18.33333333,10.55555556,2.777777778,92,66,40,14.484096,3.218688,0, 
31.66666667,25.55555556,18.88888889,93,66,38,14.484096,3.218688,0, 
35.55555556,28.88888889,21.66666667,93,66,39,14.484096,3.218688,0, 
30,24.44444444,18.88888889,90,67,44,14.484096,3.218688,0, 
30,25,19.44444444,90,67,44,14.484096,3.218688,0, 
35.55555556,29.44444444,23.33333333,91,67,43,14.484096,6.437376,0, 
33.88888889,27.77777778,21.66666667,93,67,41,14.484096,4.828032,0, 
31.11111111,24.44444444,17.77777778,93,68,43,14.484096,4.828032,0, 
19.44444444,14.44444444,9.444444444,86,69,52,14.484096,4.828032,0, 
32.77777778,27.22222222,21.11111111,90,69,47,14.484096,6.437376,0, 
30,23.33333333,16.11111111,90,69,48,14.484096,8.04672,0, 
35,29.44444444,23.88888889,94,69,44,14.484096,3.218688,0, 
32.22222222,25.55555556,18.33333333,93,70,47,14.484096,3.218688,0, 
32.22222222,26.11111111,19.44444444,93,70,46,14.484096,3.218688,0, 
26.66666667,23.33333333,19.44444444,87,71,54,14.484096,4.828032,0, 
25,19.44444444,13.88888889,93,72,50,14.484096,6.437376,0, 
32.22222222,26.66666667,21.11111111,97,72,46,14.484096,4.828032,0, 
21.11111111,16.66666667,12.22222222,87,73,58,14.484096,6.437376,0, 
33.33333333,28.88888889,23.88888889,87,73,59,14.484096,4.828032,0, 
26.66666667,18.88888889,11.11111111,100,73,45,14.484096,4.828032,0, 
17.77777778,13.33333333,8.333333333,80,74,67,14.484096,4.828032,0, 
11.11111111,6.666666667,1.666666667,96,75,54,14.484096,4.828032,0, 
25.55555556,20,13.88888889,100,75,50,14.484096,6.437376,0, 
21.11111111,16.11111111,10.55555556,93,77,61,14.484096,3.218688,0, 
17.22222222,13.88888889,10,96,78,60,14.484096,6.437376,0, 
28.33333333,25,21.11111111,87,81,74,14.484096,6.437376,0, 
13.33333333,12.22222222,11.11111111,89,83,77,14.484096,6.437376,0, 
2.777777778,1.111111111,-1.111111111,92,84,76,14.484096,6.437376,0, 
4.444444444,3.888888889,3.333333333,92,86,79,14.484096,8.04672,0, 
23.88888889,17.77777778,11.66666667,100,86,71,14.484096,6.437376,0, 
22.22222222,15,7.777777778,53,37,20,16.09344,4.828032,0, 
20,13.33333333,6.111111111,54,39,24,16.09344,8.04672,0, 
25,18.33333333,11.11111111,63,39,15,16.09344,4.828032,0, 
25,15.55555556,5.555555556,62,40,18,16.09344,4.828032,0, 
17.77777778,11.66666667,5,56,42,27,16.09344,4.828032,0, 
23.33333333,15.55555556,7.777777778,61,43,25,16.09344,8.04672,0, 
24.44444444,16.11111111,7.777777778,65,44,23,16.09344,6.437376,0, 
15,10,4.444444444,64,46,28,16.09344,4.828032,0, 
37.22222222,30,22.77777778,68,47,25,16.09344,4.828032,0, 
37.77777778,31.11111111,23.88888889,69,48,26,16.09344,4.828032,0, 
30.55555556,20.55555556,10.55555556,71,48,24,16.09344,4.828032,0, 
35,27.77777778,20.55555556,73,49,24,16.09344,3.218688,0, 
23.88888889,16.66666667,8.888888889,71,51,31,16.09344,6.437376,0, 
40,32.77777778,25.55555556,74,51,27,16.09344,4.828032,0, 
13.33333333,6.111111111,-1.111111111,78,51,24,16.09344,3.218688,0, 
17.77777778,11.66666667,5.555555556,76,52,27,16.09344,6.437376,0, 
24.44444444,15,5.555555556,82,52,21,16.09344,3.218688,0, 
21.66666667,11.11111111,0,82,53,23,16.09344,3.218688,0, 
37.22222222,31.11111111,24.44444444,74,54,33,16.09344,8.04672,0, 
31.66666667,23.33333333,14.44444444,80,54,27,16.09344,4.828032,0, 
35.55555556,30,23.88888889,74,55,36,16.09344,4.828032,0, 
38.33333333,31.11111111,23.88888889,82,55,28,16.09344,6.437376,0, 
38.33333333,31.11111111,23.88888889,82,55,27,16.09344,3.218688,0, 
19.44444444,10.55555556,1.666666667,85,55,24,16.09344,3.218688,0, 
28.88888889,18.33333333,7.777777778,93,55,17,16.09344,4.828032,0, 
32.22222222,26.11111111,19.44444444,78,56,34,16.09344,4.828032,0, 
36.11111111,28.88888889,21.11111111,79,56,33,16.09344,6.437376,0, 
35,28.33333333,21.11111111,84,56,28,16.09344,3.218688,0, 
27.22222222,17.77777778,7.777777778,86,57,28,16.09344,6.437376,0, 
23.88888889,15,5.555555556,89,57,25,16.09344,4.828032,0, 
8.888888889,5.555555556,2.777777778,68,58,48,16.09344,9.656064,0, 
18.88888889,14.44444444,10,72,58,44,16.09344,4.828032,0, 
21.11111111,12.77777778,3.888888889,79,58,37,16.09344,3.218688,0, 
20.55555556,10.55555556,0,85,58,30,16.09344,6.437376,0, 
38.33333333,32.22222222,25.55555556,85,58,31,16.09344,6.437376,0, 
36.66666667,30.55555556,24.44444444,87,58,29,16.09344,6.437376,0, 
18.88888889,10,1.111111111,89,58,27,16.09344,3.218688,0, 
34.44444444,27.22222222,20,90,58,26,16.09344,3.218688,0, 
21.11111111,15,8.888888889,93,58,22,16.09344,4.828032,0, 
32.22222222,21.11111111,9.444444444,93,58,23,16.09344,3.218688,0, 
23.88888889,13.33333333,2.777777778,85,59,33,16.09344,4.828032,0, 
38.33333333,31.66666667,24.44444444,88,59,29,16.09344,8.04672,0, 
38.88888889,32.22222222,25,88,59,29,16.09344,4.828032,0, 
36.66666667,30.55555556,24.44444444,82,60,38,16.09344,8.04672,0, 
37.22222222,31.66666667,25.55555556,85,60,35,16.09344,8.04672,0, 
28.88888889,21.11111111,12.77777778,86,60,33,16.09344,3.218688,0, 
30,21.66666667,13.33333333,86,60,34,16.09344,4.828032,0, 
28.33333333,19.44444444,10,89,60,31,16.09344,4.828032,0, 
26.11111111,17.22222222,8.333333333,93,60,27,16.09344,4.828032,0, 
36.11111111,30,23.33333333,87,61,34,16.09344,9.656064,0, 
37.22222222,31.11111111,24.44444444,88,61,33,16.09344,8.04672,0, 
28.33333333,21.66666667,14.44444444,93,61,28,16.09344,4.828032,0, 
33.88888889,28.33333333,22.22222222,79,62,44,16.09344,6.437376,0, 
35.55555556,30,23.88888889,91,62,33,16.09344,3.218688,0, 
10,7.222222222,3.888888889,80,63,45,16.09344,6.437376,0, 
33.88888889,27.77777778,21.11111111,84,63,41,16.09344,4.828032,0, 
34.44444444,27.22222222,19.44444444,87,63,38,16.09344,3.218688,0, 
32.77777778,26.66666667,20,90,64,38,16.09344,4.828032,0, 
34.44444444,29.44444444,24.44444444,88,65,41,16.09344,6.437376,0, 
37.77777778,31.66666667,25.55555556,91,65,39,16.09344,8.04672,0, 
32.77777778,24.44444444,16.11111111,84,66,47,16.09344,4.828032,0, 
30.55555556,23.88888889,16.66666667,90,66,42,16.09344,4.828032,0, 
23.88888889,18.88888889,13.33333333,93,66,38,16.09344,6.437376,0, 
37.22222222,30.55555556,23.88888889,94,66,38,16.09344,4.828032,0, 
35.55555556,30,24.44444444,88,67,46,16.09344,6.437376,0, 
30.55555556,24.44444444,18.33333333,100,67,34,16.09344,3.218688,0, 
27.22222222,22.77777778,18.33333333,81,68,54,16.09344,4.828032,0, 
33.33333333,28.88888889,24.44444444,88,68,47,16.09344,8.04672,0, 
19.44444444,9.444444444,-1.111111111,92,68,43,16.09344,3.218688,0, 
18.88888889,11.11111111,3.333333333,92,68,43,16.09344,3.218688,0, 
37.22222222,31.11111111,24.44444444,94,68,42,16.09344,6.437376,0, 
37.22222222,31.11111111,24.44444444,94,68,42,16.09344,4.828032,0, 
15.55555556,9.444444444,2.777777778,86,69,51,16.09344,4.828032,0, 
30.55555556,24.44444444,17.77777778,93,69,44,16.09344,3.218688,0, 
32.22222222,26.11111111,20,93,70,46,16.09344,4.828032,0, 
35.55555556,29.44444444,23.33333333,93,70,46,16.09344,8.04672,0, 
33.88888889,27.77777778,21.11111111,93,70,47,16.09344,4.828032,0, 
33.33333333,27.77777778,21.66666667,93,70,47,16.09344,6.437376,0, 
35.55555556,30.55555556,25,94,70,46,16.09344,9.656064,0, 
36.11111111,30.55555556,24.44444444,94,70,46,16.09344,9.656064,0, 
35.55555556,30,23.88888889,94,70,46,16.09344,6.437376,0, 
29.44444444,24.44444444,18.88888889,87,71,54,16.09344,4.828032,0, 
21.11111111,13.88888889,6.666666667,93,71,49,16.09344,3.218688,0, 
32.22222222,27.22222222,22.22222222,94,71,47,16.09344,4.828032,0, 
28.88888889,23.88888889,18.33333333,93,72,51,16.09344,6.437376,0, 
30,25,19.44444444,100,72,44,16.09344,4.828032,0, 
27.77777778,22.22222222,16.11111111,90,73,55,16.09344,6.437376,0, 
19.44444444,13.88888889,7.777777778,93,73,52,16.09344,4.828032,0, 
33.88888889,29.44444444,24.44444444,94,73,52,16.09344,9.656064,0, 
25,18.33333333,11.11111111,100,73,46,16.09344,4.828032,0, 
31.66666667,25.55555556,19.44444444,97,75,53,16.09344,6.437376,0, 
33.88888889,28.88888889,23.33333333,100,75,49,16.09344,8.04672,0, 
32.77777778,26.66666667,20.55555556,97,77,56,16.09344,4.828032,0, 
25.55555556,18.33333333,10.55555556,100,78,56,16.09344,6.437376,0, 
25.55555556,21.11111111,16.11111111,97,79,60,16.09344,6.437376,0, 
23.33333333,17.22222222,11.11111111,93,81,68,16.09344,1.609344,0, 
13.33333333,11.66666667,10,93,83,72,16.09344,8.04672,0, 
31.66666667,27.22222222,22.22222222,100,84,68,16.09344,8.04672,0, 
29.44444444,25,20,100,85,69,16.09344,6.437376,0, 
26.11111111,17.22222222,8.333333333,61,38,15,19.312128,8.04672,0, 
18.33333333,11.11111111,3.888888889,59,39,19,19.312128,6.437376,0, 
21.66666667,13.88888889,6.111111111,55,41,27,19.312128,6.437376,0, 
37.22222222,31.11111111,25,64,43,22,19.312128,6.437376,0, 
7.777777778,4.444444444,0.555555556,56,45,34,19.312128,8.04672,0, 
21.11111111,12.22222222,2.777777778,59,45,31,19.312128,3.218688,0, 
36.11111111,28.33333333,20.55555556,66,45,24,19.312128,6.437376,0, 
31.66666667,25.55555556,19.44444444,68,45,22,19.312128,8.04672,0, 
21.11111111,12.22222222,2.777777778,70,45,19,19.312128,6.437376,0, 
34.44444444,26.11111111,17.77777778,79,45,10,19.312128,8.04672,0, 
22.77777778,13.88888889,4.444444444,57,46,35,19.312128,4.828032,0, 
30,21.11111111,12.22222222,67,46,25,19.312128,6.437376,0, 
20,15,10,63,48,32,19.312128,6.437376,0, 
28.33333333,20,11.66666667,66,48,30,19.312128,6.437376,0, 
24.44444444,16.11111111,7.222222222,71,48,25,19.312128,6.437376,0, 
28.88888889,20.55555556,11.66666667,71,48,25,19.312128,6.437376,0, 
6.666666667,0,-7.222222222,73,48,22,19.312128,6.437376,0, 
27.77777778,17.22222222,6.111111111,71,49,26,19.312128,6.437376,0, 
36.66666667,29.44444444,22.22222222,73,50,27,19.312128,6.437376,0, 
31.11111111,24.44444444,17.22222222,68,51,34,19.312128,9.656064,0, 
26.66666667,20,12.77777778,77,51,25,19.312128,6.437376,0, 
41.66666667,33.33333333,25,82,51,19,19.312128,6.437376,0, 
34.44444444,27.77777778,20.55555556,73,52,30,19.312128,6.437376,0, 
24.44444444,15.55555556,6.111111111,76,52,27,19.312128,4.828032,0, 
32.77777778,22.77777778,12.22222222,77,52,27,19.312128,6.437376,0, 
23.88888889,15.55555556,6.666666667,80,52,24,19.312128,6.437376,0, 
32.22222222,25,17.77777778,79,53,27,19.312128,8.04672,0, 
23.88888889,16.66666667,8.888888889,93,53,13,19.312128,4.828032,0, 
32.77777778,25,16.66666667,72,54,36,19.312128,4.828032,0, 
21.11111111,12.77777778,4.444444444,79,54,28,19.312128,4.828032,0, 
39.44444444,31.66666667,23.88888889,82,54,25,19.312128,8.04672,0, 
35,27.77777778,20,84,54,24,19.312128,4.828032,0, 
30.55555556,22.22222222,13.33333333,86,54,21,19.312128,8.04672,0, 
27.22222222,19.44444444,11.11111111,77,55,32,19.312128,6.437376,0, 
35,26.11111111,17.22222222,87,55,23,19.312128,6.437376,0, 
30,22.22222222,14.44444444,93,55,17,19.312128,8.04672,0, 
38.33333333,31.66666667,25,79,56,33,19.312128,4.828032,0, 
15,7.222222222,-0.555555556,82,56,29,19.312128,4.828032,0, 
38.33333333,31.66666667,25,82,56,29,19.312128,6.437376,0, 
20.55555556,11.66666667,2.777777778,85,56,27,19.312128,4.828032,0, 
36.66666667,30,23.33333333,87,56,25,19.312128,6.437376,0, 
16.11111111,7.777777778,-0.555555556,89,56,22,19.312128,6.437376,0, 
20,11.11111111,1.666666667,82,57,32,19.312128,6.437376,0, 
35,28.88888889,22.77777778,87,57,26,19.312128,6.437376,0, 
37.77777778,31.11111111,24.44444444,87,57,26,19.312128,8.04672,0, 
26.11111111,16.66666667,6.666666667,89,58,27,19.312128,4.828032,0, 
30,23.33333333,16.66666667,90,58,26,19.312128,9.656064,0, 
23.33333333,17.22222222,11.11111111,93,58,23,19.312128,8.04672,0, 
32.77777778,27.77777778,22.77777778,74,59,44,19.312128,8.04672,0, 
38.88888889,31.66666667,24.44444444,87,59,31,19.312128,6.437376,0, 
26.66666667,16.11111111,5,89,59,28,19.312128,4.828032,0, 
30,24.44444444,18.88888889,97,59,20,19.312128,8.04672,0, 
33.33333333,26.66666667,19.44444444,100,59,18,19.312128,9.656064,0, 
25.55555556,19.44444444,12.77777778,86,60,33,19.312128,6.437376,0, 
38.33333333,31.66666667,24.44444444,87,60,33,19.312128,6.437376,0, 
22.77777778,13.88888889,5,89,60,31,19.312128,6.437376,0, 
32.22222222,24.44444444,16.66666667,93,60,26,19.312128,3.218688,0, 
10,5.555555556,0.555555556,82,61,39,19.312128,6.437376,0, 
30.55555556,23.88888889,17.22222222,87,61,35,19.312128,4.828032,0, 
36.66666667,30,23.33333333,87,61,35,19.312128,6.437376,0, 
30,23.88888889,17.22222222,87,61,34,19.312128,8.04672,0, 
38.33333333,31.66666667,24.44444444,88,61,33,19.312128,9.656064,0, 
25,17.22222222,9.444444444,93,61,29,19.312128,8.04672,0, 
37.77777778,31.66666667,25,88,62,35,19.312128,9.656064,0, 
30,23.33333333,16.11111111,90,62,34,19.312128,6.437376,0, 
37.77777778,30.55555556,22.77777778,94,62,29,19.312128,6.437376,0, 
13.88888889,8.888888889,3.888888889,79,63,47,19.312128,4.828032,0, 
35.55555556,30,23.88888889,87,63,39,19.312128,8.04672,0, 
37.22222222,31.11111111,24.44444444,88,63,38,19.312128,11.265408,0, 
37.77777778,31.66666667,25,88,63,38,19.312128,6.437376,0, 
20.55555556,12.22222222,3.888888889,92,63,34,19.312128,4.828032,0, 
25,19.44444444,13.33333333,93,63,33,19.312128,8.04672,0, 
28.88888889,22.22222222,15.55555556,93,63,33,19.312128,6.437376,0, 
37.77777778,31.11111111,24.44444444,94,63,31,19.312128,9.656064,0, 
31.66666667,26.11111111,20.55555556,90,64,38,19.312128,4.828032,0, 
38.88888889,33.33333333,27.22222222,91,64,37,19.312128,8.04672,0, 
38.88888889,32.22222222,25.55555556,91,64,37,19.312128,8.04672,0, 
38.33333333,31.66666667,24.44444444,94,64,33,19.312128,8.04672,0, 
35.55555556,30,23.88888889,94,64,33,19.312128,9.656064,0, 
24.44444444,18.88888889,12.77777778,81,65,49,19.312128,6.437376,0, 
37.22222222,31.11111111,24.44444444,88,65,42,19.312128,8.04672,0, 
13.88888889,7.222222222,0,89,65,41,19.312128,4.828032,0, 
35,28.33333333,21.66666667,90,65,39,19.312128,6.437376,0, 
37.77777778,31.66666667,25,91,65,39,19.312128,9.656064,0, 
26.11111111,20,13.88888889,93,66,39,19.312128,9.656064,0, 
36.11111111,30,23.33333333,94,66,38,19.312128,8.04672,0, 
36.66666667,30.55555556,23.88888889,94,66,38,19.312128,8.04672,0, 
37.77777778,31.11111111,24.44444444,94,66,38,19.312128,8.04672,0, 
27.22222222,18.88888889,10.55555556,96,66,35,19.312128,6.437376,0, 
34.44444444,30,25,85,67,49,19.312128,6.437376,0, 
25,19.44444444,13.88888889,87,67,46,19.312128,9.656064,0, 
34.44444444,28.88888889,23.33333333,87,67,46,19.312128,8.04672,0, 
30,23.33333333,16.11111111,90,67,44,19.312128,3.218688,0, 
37.77777778,31.66666667,25,91,67,42,19.312128,8.04672,0, 
25,18.33333333,11.11111111,93,67,40,19.312128,6.437376,0, 
36.66666667,30.55555556,24.44444444,94,67,40,19.312128,9.656064,0, 
36.66666667,30.55555556,23.88888889,94,67,39,19.312128,8.04672,0, 
37.22222222,28.88888889,20,100,67,33,19.312128,4.828032,0, 
31.11111111,25.55555556,20,90,68,45,19.312128,6.437376,0, 
15,9.444444444,3.333333333,92,68,43,19.312128,6.437376,0, 
30,23.88888889,17.77777778,93,68,42,19.312128,3.218688,0, 
25.55555556,18.88888889,11.66666667,100,68,36,19.312128,4.828032,0, 
33.33333333,28.88888889,23.88888889,88,69,49,19.312128,14.484096,0, 
32.77777778,27.22222222,21.11111111,90,69,47,19.312128,8.04672,0, 
35,29.44444444,23.33333333,93,69,44,19.312128,9.656064,0, 
34.44444444,28.88888889,23.33333333,93,69,44,19.312128,9.656064,0, 
29.44444444,23.88888889,18.33333333,93,69,44,19.312128,9.656064,0, 
28.88888889,23.88888889,18.33333333,93,69,45,19.312128,8.04672,0, 
32.77777778,28.33333333,23.33333333,87,70,52,19.312128,11.265408,0, 
13.88888889,10.55555556,7.222222222,89,70,50,19.312128,6.437376,0, 
35,30,25,91,70,49,19.312128,9.656064,0, 
34.44444444,28.33333333,22.22222222,93,70,46,19.312128,4.828032,0, 
32.77777778,27.22222222,21.66666667,93,70,47,19.312128,6.437376,0, 
23.88888889,15,5.555555556,96,70,43,19.312128,4.828032,0, 
35.55555556,28.88888889,22.22222222,100,70,39,19.312128,4.828032,0, 
34.44444444,30,25.55555556,85,71,56,19.312128,9.656064,0, 
33.33333333,27.22222222,21.11111111,93,71,49,19.312128,4.828032,0, 
30,24.44444444,18.88888889,93,71,48,19.312128,9.656064,0, 
33.33333333,28.88888889,23.88888889,94,71,47,19.312128,8.04672,0, 
32.77777778,27.22222222,21.11111111,97,71,44,19.312128,6.437376,0, 
36.11111111,30.55555556,24.44444444,100,71,42,19.312128,8.04672,0, 
33.88888889,29.44444444,24.44444444,88,72,56,19.312128,9.656064,0, 
20.55555556,15.55555556,10.55555556,89,72,55,19.312128,4.828032,0, 
28.33333333,22.77777778,16.66666667,93,72,51,19.312128,4.828032,0, 
31.11111111,25,18.88888889,100,72,43,19.312128,4.828032,0, 
31.11111111,26.11111111,21.11111111,90,73,55,19.312128,9.656064,0, 
34.44444444,28.88888889,23.33333333,93,73,52,19.312128,6.437376,0, 
33.33333333,27.77777778,22.22222222,93,73,52,19.312128,4.828032,0, 
33.33333333,28.33333333,22.77777778,94,73,52,19.312128,6.437376,0, 
22.22222222,18.33333333,13.88888889,90,74,57,19.312128,6.437376,0, 
21.11111111,15,8.333333333,93,75,57,19.312128,4.828032,0, 
34.44444444,29.44444444,24.44444444,91,76,60,19.312128,8.04672,0, 
26.66666667,22.22222222,17.77777778,93,76,58,19.312128,8.04672,0, 
33.88888889,28.33333333,22.77777778,100,76,52,19.312128,6.437376,0, 
23.88888889,20,16.11111111,97,77,57,19.312128,9.656064,0, 
13.88888889,10,6.111111111,89,78,66,19.312128,6.437376,0, 
12.22222222,10,7.222222222,92,78,63,19.312128,8.04672,0, 
33.33333333,28.33333333,23.33333333,100,78,56,19.312128,4.828032,0, 
28.33333333,22.77777778,17.22222222,100,79,58,19.312128,8.04672,0, 
25,20.55555556,16.11111111,100,80,60,19.312128,6.437376,0, 
23.33333333,19.44444444,15.55555556,90,82,73,19.312128,6.437376,0, 
19.44444444,15,10.55555556,96,82,68,19.312128,8.04672,0, 
5.555555556,3.888888889,1.666666667,92,83,73,19.312128,11.265408,0, 
34.44444444,24.44444444,14.44444444,44,27,10,20.921472,6.437376,0, 
18.88888889,14.44444444,9.444444444,42,30,18,20.921472,8.04672,0, 
23.88888889,17.22222222,10,44,35,25,20.921472,9.656064,0, 
28.33333333,20,11.11111111,52,36,20,20.921472,8.04672,0, 
17.22222222,12.22222222,6.666666667,58,42,25,20.921472,9.656064,0, 
7.222222222,1.111111111,-5,59,42,24,20.921472,8.04672,0, 
40.55555556,33.33333333,26.11111111,55,43,31,20.921472,4.828032,0, 
8.888888889,1.666666667,-5.555555556,68,43,17,20.921472,8.04672,0, 
25,17.77777778,10.55555556,68,43,18,20.921472,8.04672,0, 
25.55555556,16.11111111,6.666666667,67,44,21,20.921472,6.437376,0, 
30,21.66666667,12.77777778,67,44,20,20.921472,6.437376,0, 
27.77777778,17.77777778,7.777777778,71,44,16,20.921472,6.437376,0, 
19.44444444,12.77777778,5.555555556,66,45,24,20.921472,6.437376,0, 
17.22222222,11.11111111,5,67,46,25,20.921472,8.04672,0, 
41.11111111,33.88888889,26.11111111,69,48,27,20.921472,6.437376,0, 
14.44444444,8.888888889,3.333333333,70,48,26,20.921472,8.04672,0, 
32.77777778,25,17.22222222,73,49,24,20.921472,6.437376,0, 
30,22.22222222,13.88888889,72,50,27,20.921472,6.437376,0, 
35,27.22222222,19.44444444,76,50,24,20.921472,3.218688,0, 
23.33333333,15.55555556,7.222222222,76,50,23,20.921472,8.04672,0, 
28.88888889,18.33333333,7.222222222,77,51,24,20.921472,9.656064,0, 
17.77777778,12.77777778,7.777777778,65,52,39,20.921472,11.265408,0, 
38.88888889,32.22222222,25.55555556,69,52,35,20.921472,6.437376,0, 
32.22222222,26.66666667,21.11111111,68,53,38,20.921472,6.437376,0, 
20.55555556,12.22222222,3.333333333,79,53,26,20.921472,8.04672,0, 
22.77777778,13.88888889,4.444444444,85,53,20,20.921472,9.656064,0, 
37.22222222,30.55555556,23.88888889,79,54,29,20.921472,6.437376,0, 
28.88888889,18.88888889,8.888888889,86,54,22,20.921472,8.04672,0, 
14.44444444,7.777777778,1.111111111,76,55,33,20.921472,4.828032,0, 
27.77777778,20.55555556,12.77777778,78,55,32,20.921472,6.437376,0, 
35,26.66666667,17.77777778,78,55,31,20.921472,6.437376,0, 
32.77777778,26.66666667,20.55555556,87,55,23,20.921472,8.04672,0, 
21.66666667,16.66666667,11.66666667,72,56,39,20.921472,8.04672,0, 
18.88888889,9.444444444,0,89,56,22,20.921472,6.437376,0, 
30.55555556,21.66666667,12.22222222,89,57,25,20.921472,8.04672,0, 
28.33333333,21.66666667,14.44444444,80,58,36,20.921472,6.437376,0, 
36.66666667,30.55555556,23.88888889,82,58,33,20.921472,6.437376,0, 
37.22222222,31.66666667,25.55555556,85,58,31,20.921472,9.656064,0, 
38.33333333,31.66666667,25,88,58,27,20.921472,6.437376,0, 
38.33333333,31.11111111,23.88888889,88,58,27,20.921472,8.04672,0, 
39.44444444,32.22222222,25,88,58,27,20.921472,9.656064,0, 
12.77777778,7.222222222,1.111111111,82,59,35,20.921472,11.265408,0, 
38.33333333,32.22222222,25.55555556,85,59,33,20.921472,11.265408,0, 
38.88888889,32.22222222,25,85,59,33,20.921472,11.265408,0, 
38.88888889,32.22222222,25,88,59,29,20.921472,9.656064,0, 
38.33333333,31.66666667,25,88,59,29,20.921472,8.04672,0, 
38.33333333,31.66666667,25,88,59,29,20.921472,9.656064,0, 
36.66666667,29.44444444,21.66666667,93,59,25,20.921472,6.437376,0, 
30,21.66666667,13.33333333,100,59,17,20.921472,3.218688,0, 
6.666666667,4.444444444,1.666666667,75,60,45,20.921472,8.04672,0, 
26.66666667,16.66666667,6.666666667,83,60,37,20.921472,9.656064,0, 
38.33333333,32.22222222,25.55555556,85,60,35,20.921472,9.656064,0, 
37.77777778,31.66666667,25.55555556,85,60,35,20.921472,11.265408,0, 
38.33333333,32.22222222,25.55555556,85,60,35,20.921472,11.265408,0, 
37.77777778,31.66666667,25,88,60,31,20.921472,8.04672,0, 
35,28.33333333,21.66666667,90,60,30,20.921472,8.04672,0, 
38.88888889,31.66666667,24.44444444,91,60,29,20.921472,9.656064,0, 
27.22222222,21.66666667,16.11111111,84,61,37,20.921472,8.04672,0, 
30.55555556,22.77777778,14.44444444,86,61,35,20.921472,6.437376,0, 
35.55555556,29.44444444,22.77777778,87,61,34,20.921472,8.04672,0, 
36.11111111,29.44444444,22.77777778,87,61,35,20.921472,4.828032,0, 
38.33333333,31.66666667,24.44444444,88,61,33,20.921472,9.656064,0, 
37.77777778,31.11111111,24.44444444,88,61,33,20.921472,9.656064,0, 
34.44444444,28.33333333,21.66666667,84,62,39,20.921472,6.437376,0, 
37.22222222,31.11111111,25,85,62,38,20.921472,9.656064,0, 
37.22222222,31.66666667,25.55555556,85,62,39,20.921472,9.656064,0, 
33.88888889,28.33333333,22.77777778,87,62,36,20.921472,11.265408,0, 
37.77777778,31.66666667,25,88,62,35,20.921472,9.656064,0, 
38.33333333,31.66666667,25,88,62,35,20.921472,8.04672,0, 
37.22222222,31.11111111,24.44444444,88,62,35,20.921472,11.265408,0, 
18.33333333,12.22222222,6.111111111,89,62,34,20.921472,6.437376,0, 
37.22222222,30,22.22222222,90,62,33,20.921472,9.656064,0, 
38.33333333,32.22222222,25.55555556,91,62,33,20.921472,11.265408,0, 
17.22222222,10,2.222222222,92,62,32,20.921472,6.437376,0, 
29.44444444,25,20.55555556,93,62,31,20.921472,11.265408,0, 
37.22222222,30.55555556,23.88888889,94,62,29,20.921472,9.656064,0, 
20,10,0,96,62,28,20.921472,4.828032,0, 
36.11111111,30.55555556,24.44444444,87,63,38,20.921472,6.437376,0, 
36.11111111,30,23.33333333,87,63,38,20.921472,9.656064,0, 
29.44444444,23.88888889,17.77777778,87,63,39,20.921472,11.265408,0, 
33.88888889,25.55555556,16.66666667,90,63,36,20.921472,8.04672,0, 
36.66666667,30,23.33333333,93,63,33,20.921472,11.265408,0, 
37.77777778,30.55555556,23.33333333,93,63,33,20.921472,6.437376,0, 
25,16.11111111,6.666666667,84,64,43,20.921472,8.04672,0, 
36.11111111,30.55555556,25,85,64,42,20.921472,6.437376,0, 
36.11111111,30.55555556,25,85,64,42,20.921472,11.265408,0, 
20.55555556,10.55555556,0.555555556,86,64,42,20.921472,4.828032,0, 
35,29.44444444,23.88888889,87,64,41,20.921472,9.656064,0, 
34.44444444,28.88888889,22.77777778,87,64,41,20.921472,4.828032,0, 
38.33333333,32.22222222,25.55555556,91,64,37,20.921472,8.04672,0, 
36.66666667,30.55555556,23.88888889,94,64,33,20.921472,9.656064,0, 
37.22222222,31.11111111,24.44444444,94,64,33,20.921472,8.04672,0, 
33.33333333,25.55555556,17.77777778,97,64,30,20.921472,4.828032,0, 
36.11111111,30.55555556,24.44444444,88,65,42,20.921472,9.656064,0, 
37.22222222,31.66666667,25.55555556,91,65,39,20.921472,11.265408,0, 
37.22222222,30.55555556,23.88888889,94,65,35,20.921472,9.656064,0, 
37.22222222,31.11111111,24.44444444,94,65,35,20.921472,11.265408,0, 
35.55555556,30.55555556,25.55555556,85,66,46,20.921472,11.265408,0, 
34.44444444,28.33333333,22.22222222,87,66,44,20.921472,4.828032,0, 
35.55555556,30,24.44444444,88,66,43,20.921472,11.265408,0, 
27.22222222,18.88888889,10.55555556,89,66,43,20.921472,8.04672,0, 
36.66666667,31.11111111,25.55555556,91,66,40,20.921472,9.656064,0, 
38.88888889,32.77777778,26.11111111,91,66,40,20.921472,9.656064,0, 
36.11111111,30,23.88888889,94,66,38,20.921472,9.656064,0, 
32.77777778,28.33333333,23.33333333,87,67,47,20.921472,11.265408,0, 
33.88888889,28.88888889,23.88888889,87,67,47,20.921472,9.656064,0, 
34.44444444,28.33333333,22.22222222,93,67,41,20.921472,8.04672,0, 
25,17.77777778,10,93,67,41,20.921472,9.656064,0, 
35.55555556,30,23.88888889,94,67,39,20.921472,9.656064,0, 
20.55555556,12.22222222,3.888888889,83,68,52,20.921472,6.437376,0, 
23.88888889,16.66666667,9.444444444,86,68,49,20.921472,8.04672,0, 
18.88888889,10.55555556,2.222222222,92,68,44,20.921472,6.437376,0, 
25.55555556,18.88888889,12.22222222,93,68,43,20.921472,8.04672,0, 
34.44444444,28.88888889,23.33333333,94,68,41,20.921472,9.656064,0, 
37.22222222,30.55555556,23.88888889,94,68,42,20.921472,9.656064,0, 
32.22222222,27.77777778,23.33333333,87,69,50,20.921472,9.656064,0, 
32.77777778,28.33333333,23.88888889,88,69,50,20.921472,8.04672,0, 
31.66666667,25.55555556,19.44444444,90,69,47,20.921472,8.04672,0, 
26.11111111,17.77777778,9.444444444,93,69,45,20.921472,8.04672,0, 
35,29.44444444,23.33333333,94,69,44,20.921472,6.437376,0, 
35.55555556,30,23.88888889,94,69,43,20.921472,8.04672,0, 
30.55555556,23.33333333,16.11111111,97,69,40,20.921472,4.828032,0, 
33.33333333,28.88888889,23.88888889,87,70,52,20.921472,9.656064,0, 
34.44444444,30,25,91,70,49,20.921472,11.265408,0, 
29.44444444,23.33333333,17.22222222,93,70,47,20.921472,12.874752,0, 
20.55555556,12.77777778,4.444444444,93,71,49,20.921472,8.04672,0, 
20.55555556,16.66666667,12.77777778,90,72,53,20.921472,9.656064,0, 
25.55555556,19.44444444,12.77777778,93,72,50,20.921472,11.265408,0, 
25,21.11111111,16.66666667,93,72,50,20.921472,9.656064,0, 
35.55555556,30,24.44444444,94,72,49,20.921472,9.656064,0, 
33.88888889,29.44444444,24.44444444,94,72,49,20.921472,9.656064,0, 
35,30,25,94,72,49,20.921472,9.656064,0, 
33.33333333,28.88888889,23.88888889,94,72,49,20.921472,8.04672,0, 
35,28.88888889,22.22222222,100,72,44,20.921472,8.04672,0, 
30,25.55555556,21.11111111,90,73,55,20.921472,8.04672,0, 
31.66666667,27.22222222,22.22222222,93,73,53,20.921472,9.656064,0, 
33.88888889,28.88888889,23.88888889,94,73,52,20.921472,9.656064,0, 
33.88888889,28.88888889,23.88888889,94,73,52,20.921472,4.828032,0, 
35,30,24.44444444,100,73,46,20.921472,8.04672,0, 
7.777777778,4.444444444,1.111111111,82,74,65,20.921472,9.656064,0, 
27.77777778,23.33333333,18.88888889,93,74,54,20.921472,11.265408,0, 
23.33333333,16.11111111,8.888888889,93,75,57,20.921472,6.437376,0, 
35.55555556,30.55555556,25.55555556,97,75,52,20.921472,9.656064,0, 
11.66666667,7.777777778,3.333333333,86,76,66,20.921472,4.828032,0, 
30.55555556,27.22222222,23.33333333,87,76,65,20.921472,12.874752,0, 
11.66666667,7.777777778,3.888888889,93,78,63,20.921472,9.656064,0, 
15,13.88888889,12.22222222,86,79,72,20.921472,9.656064,0, 
30,27.77777778,25,88,81,74,20.921472,9.656064,0, 
13.33333333,8.888888889,3.888888889,100,86,72,20.921472,4.828032,0, 
32.77777778,24.44444444,16.11111111,37,27,16,22.530816,11.265408,0, 
17.77777778,12.22222222,6.111111111,45,31,17,22.530816,8.04672,0, 
17.77777778,11.11111111,4.444444444,49,35,21,22.530816,6.437376,0, 
22.22222222,13.33333333,4.444444444,55,38,20,22.530816,6.437376,0, 
33.88888889,26.66666667,18.88888889,67,39,10,22.530816,6.437376,0, 
23.33333333,13.88888889,3.888888889,59,40,20,22.530816,9.656064,0, 
22.22222222,13.88888889,5,67,43,19,22.530816,8.04672,0, 
21.11111111,12.77777778,4.444444444,65,44,22,22.530816,9.656064,0, 
21.66666667,13.33333333,4.444444444,70,45,19,22.530816,9.656064,0, 
17.22222222,12.77777778,7.777777778,60,47,34,22.530816,8.04672,0, 
15,8.888888889,2.222222222,70,47,24,22.530816,8.04672,0, 
28.33333333,19.44444444,10.55555556,71,47,23,22.530816,9.656064,0, 
33.33333333,22.77777778,12.22222222,73,48,23,22.530816,8.04672,0, 
14.44444444,6.111111111,-2.222222222,75,49,22,22.530816,6.437376,0, 
26.66666667,18.88888889,10.55555556,77,49,21,22.530816,8.04672,0, 
25,17.77777778,10,71,50,29,22.530816,8.04672,0, 
32.77777778,21.66666667,10.55555556,77,50,23,22.530816,9.656064,0, 
11.66666667,2.777777778,-6.111111111,81,50,19,22.530816,6.437376,0, 
35.55555556,29.44444444,22.77777778,87,51,15,22.530816,9.656064,0, 
31.66666667,23.88888889,15.55555556,72,52,32,22.530816,8.04672,0, 
25,17.22222222,8.888888889,73,53,32,22.530816,9.656064,0, 
24.44444444,13.88888889,3.333333333,85,53,21,22.530816,6.437376,0, 
20,12.22222222,3.888888889,79,54,28,22.530816,6.437376,0, 
36.11111111,30,23.88888889,82,54,26,22.530816,9.656064,0, 
40.55555556,32.77777778,24.44444444,87,54,20,22.530816,8.04672,0, 
39.44444444,32.22222222,25,85,56,27,22.530816,8.04672,0, 
13.88888889,7.222222222,0.555555556,75,57,38,22.530816,8.04672,0, 
40,32.77777778,25,88,57,25,22.530816,11.265408,0, 
38.33333333,31.66666667,25,88,58,27,22.530816,11.265408,0, 
25,16.66666667,7.777777778,84,59,33,22.530816,9.656064,0, 
36.66666667,29.44444444,22.22222222,90,59,27,22.530816,9.656064,0, 
35.55555556,30,24.44444444,87,60,33,22.530816,9.656064,0, 
27.22222222,16.66666667,5.555555556,96,60,23,22.530816,6.437376,0, 
21.11111111,11.66666667,1.666666667,82,61,40,22.530816,8.04672,0, 
21.11111111,12.22222222,3.333333333,85,61,37,22.530816,8.04672,0, 
27.77777778,18.33333333,8.888888889,86,61,35,22.530816,6.437376,0, 
37.77777778,31.11111111,24.44444444,88,61,33,22.530816,8.04672,0, 
22.22222222,13.88888889,5.555555556,82,62,41,22.530816,6.437376,0, 
22.77777778,14.44444444,5.555555556,82,62,42,22.530816,8.04672,0, 
33.88888889,27.77777778,21.11111111,84,62,40,22.530816,9.656064,0, 
37.22222222,32.22222222,26.66666667,85,62,39,22.530816,12.874752,0, 
28.88888889,19.44444444,10,87,62,37,22.530816,11.265408,0, 
37.22222222,31.11111111,25,88,62,35,22.530816,11.265408,0, 
37.22222222,31.11111111,24.44444444,88,62,35,22.530816,11.265408,0, 
37.77777778,31.11111111,23.88888889,88,62,35,22.530816,9.656064,0, 
38.33333333,31.11111111,23.88888889,94,62,29,22.530816,9.656064,0, 
40.55555556,32.22222222,23.33333333,100,62,24,22.530816,9.656064,0, 
31.66666667,25.55555556,19.44444444,84,63,42,22.530816,14.484096,0, 
18.33333333,10.55555556,2.777777778,85,63,40,22.530816,8.04672,0, 
35.55555556,30.55555556,25.55555556,85,63,41,22.530816,12.874752,0, 
37.22222222,31.11111111,25,88,63,38,22.530816,11.265408,0, 
37.77777778,31.66666667,25,91,63,35,22.530816,12.874752,0, 
40,32.77777778,25.55555556,91,63,35,22.530816,11.265408,0, 
37.77777778,31.66666667,25.55555556,91,63,35,22.530816,9.656064,0, 
34.44444444,27.77777778,21.11111111,84,64,44,22.530816,8.04672,0, 
37.77777778,32.22222222,26.11111111,85,64,42,22.530816,11.265408,0, 
26.66666667,20,12.77777778,86,64,42,22.530816,14.484096,0, 
23.88888889,16.66666667,9.444444444,86,64,41,22.530816,9.656064,0, 
34.44444444,26.66666667,18.88888889,87,64,41,22.530816,8.04672,0, 
34.44444444,28.88888889,23.33333333,87,64,41,22.530816,8.04672,0, 
36.11111111,29.44444444,22.77777778,93,64,35,22.530816,6.437376,0, 
35.55555556,28.88888889,22.22222222,93,64,34,22.530816,8.04672,0, 
36.66666667,31.11111111,25,88,65,42,22.530816,11.265408,0, 
37.22222222,31.66666667,25.55555556,91,65,39,22.530816,8.04672,0, 
31.66666667,26.66666667,21.66666667,84,66,48,22.530816,11.265408,0, 
33.33333333,28.88888889,23.88888889,87,66,44,22.530816,11.265408,0, 
34.44444444,29.44444444,23.88888889,87,66,44,22.530816,8.04672,0, 
28.33333333,21.11111111,13.33333333,93,66,39,22.530816,8.04672,0, 
31.11111111,25.55555556,20,97,66,34,22.530816,9.656064,0, 
28.33333333,24.44444444,20,87,67,47,22.530816,11.265408,0, 
36.66666667,30.55555556,24.44444444,88,67,45,22.530816,11.265408,0, 
30,23.33333333,16.66666667,93,67,40,22.530816,9.656064,0, 
33.33333333,27.22222222,21.11111111,97,67,36,22.530816,8.04672,0, 
27.77777778,19.44444444,10.55555556,100,68,35,22.530816,6.437376,0, 
25.55555556,19.44444444,12.77777778,87,69,50,22.530816,9.656064,0, 
31.11111111,26.66666667,21.66666667,93,69,45,22.530816,6.437376,0, 
30.55555556,23.88888889,16.66666667,93,69,44,22.530816,9.656064,0, 
28.33333333,20.55555556,12.22222222,93,69,45,22.530816,6.437376,0, 
33.88888889,28.33333333,22.77777778,94,69,44,22.530816,8.04672,0, 
33.33333333,28.33333333,22.77777778,87,70,52,22.530816,11.265408,0, 
27.22222222,23.33333333,19.44444444,87,70,52,22.530816,12.874752,0, 
35,29.44444444,23.88888889,94,70,46,22.530816,9.656064,0, 
28.88888889,24.44444444,19.44444444,87,71,54,22.530816,11.265408,0, 
33.33333333,28.33333333,23.33333333,93,71,49,22.530816,11.265408,0, 
35.55555556,30,23.88888889,94,71,48,22.530816,9.656064,0, 
32.77777778,28.33333333,23.33333333,87,72,56,22.530816,11.265408,0, 
25.55555556,20,14.44444444,93,72,50,22.530816,9.656064,0, 
28.33333333,21.66666667,15,97,72,47,22.530816,11.265408,0, 
28.88888889,25,20.55555556,90,73,55,22.530816,9.656064,0, 
26.11111111,22.77777778,18.88888889,93,73,52,22.530816,8.04672,0, 
33.33333333,28.88888889,24.44444444,94,73,52,22.530816,11.265408,0, 
25,17.77777778,10,100,73,46,22.530816,6.437376,0, 
34.44444444,30,25,91,74,56,22.530816,9.656064,0, 
28.88888889,24.44444444,20,97,74,51,22.530816,6.437376,0, 
24.44444444,18.88888889,13.33333333,86,75,64,22.530816,9.656064,0, 
32.77777778,28.88888889,24.44444444,94,75,56,22.530816,11.265408,0, 
24.44444444,21.66666667,18.88888889,87,76,64,22.530816,9.656064,0, 
29.44444444,23.88888889,18.33333333,100,76,51,22.530816,11.265408,0, 
26.11111111,19.44444444,12.22222222,100,77,54,22.530816,8.04672,0, 
20.55555556,13.33333333,6.111111111,100,78,55,22.530816,6.437376,0, 
26.66666667,23.88888889,20.55555556,90,79,67,22.530816,11.265408,0, 
23.33333333,18.33333333,12.77777778,100,79,57,22.530816,8.04672,0, 
32.77777778,28.33333333,23.33333333,,,,22.530816,14.484096,0, 
17.22222222,10.55555556,3.333333333,59,39,19,24.14016,9.656064,0, 
17.22222222,12.77777778,7.777777778,53,40,27,24.14016,12.874752,0, 
30,23.33333333,16.11111111,60,40,20,24.14016,11.265408,0, 
14.44444444,9.444444444,3.888888889,54,41,28,24.14016,11.265408,0, 
9.444444444,3.333333333,-2.777777778,63,42,21,24.14016,8.04672,0, 
24.44444444,15,5.555555556,64,43,22,24.14016,8.04672,0, 
17.77777778,11.66666667,5.555555556,62,44,25,24.14016,8.04672,0, 
16.66666667,8.888888889,0.555555556,70,47,24,24.14016,6.437376,0, 
18.88888889,11.66666667,4.444444444,76,47,18,24.14016,8.04672,0, 
9.444444444,5,0.555555556,62,48,34,24.14016,9.656064,0, 
22.77777778,17.77777778,12.22222222,64,48,32,24.14016,9.656064,0, 
27.77777778,20,11.66666667,66,50,33,24.14016,8.04672,0, 
32.22222222,22.77777778,12.77777778,73,50,26,24.14016,8.04672,0, 
27.77777778,20,12.22222222,77,50,23,24.14016,6.437376,0, 
22.22222222,16.66666667,10.55555556,80,52,24,24.14016,9.656064,0, 
27.22222222,21.11111111,14.44444444,87,52,17,24.14016,8.04672,0, 
20.55555556,15,8.888888889,84,53,22,24.14016,11.265408,0, 
0,-1.666666667,-3.333333333,58,54,49,24.14016,12.874752,0, 
39.44444444,32.77777778,26.11111111,85,55,25,24.14016,12.874752,0, 
31.11111111,23.88888889,16.11111111,78,56,34,24.14016,9.656064,0, 
27.77777778,20.55555556,12.77777778,90,56,21,24.14016,9.656064,0, 
30,23.33333333,16.66666667,84,57,29,24.14016,6.437376,0, 
30,21.11111111,11.66666667,84,58,31,24.14016,11.265408,0, 
38.33333333,31.66666667,25,88,58,27,24.14016,6.437376,0, 
38.88888889,32.22222222,25.55555556,85,59,33,24.14016,11.265408,0, 
27.22222222,19.44444444,11.66666667,93,59,25,24.14016,4.828032,0, 
29.44444444,21.66666667,13.33333333,97,59,20,24.14016,6.437376,0, 
23.88888889,17.77777778,11.11111111,78,60,42,24.14016,9.656064,0, 
23.88888889,16.66666667,8.888888889,80,61,41,24.14016,9.656064,0, 
38.33333333,31.66666667,25,85,61,36,24.14016,12.874752,0, 
25.55555556,18.88888889,11.66666667,89,61,33,24.14016,9.656064,0, 
39.44444444,32.77777778,25.55555556,91,61,31,24.14016,11.265408,0, 
20.55555556,13.88888889,6.666666667,93,61,28,24.14016,8.04672,0, 
27.77777778,19.44444444,11.11111111,100,61,21,24.14016,9.656064,0, 
26.11111111,20.55555556,14.44444444,78,62,45,24.14016,9.656064,0, 
38.33333333,32.22222222,25.55555556,91,62,33,24.14016,12.874752,0, 
40.55555556,33.33333333,26.11111111,91,63,35,24.14016,8.04672,0, 
16.66666667,9.444444444,1.111111111,79,64,50,24.14016,6.437376,0, 
18.33333333,8.888888889,-0.555555556,80,64,48,24.14016,11.265408,0, 
38.33333333,32.77777778,26.66666667,85,64,42,24.14016,12.874752,0, 
37.77777778,31.66666667,25,85,64,42,24.14016,8.04672,0, 
35.55555556,30,23.88888889,88,64,39,24.14016,9.656064,0, 
36.66666667,30.55555556,24.44444444,94,66,38,24.14016,9.656064,0, 
36.66666667,31.11111111,25.55555556,85,67,48,24.14016,12.874752,0, 
23.88888889,16.66666667,8.888888889,93,67,41,24.14016,6.437376,0, 
28.88888889,21.66666667,14.44444444,93,67,40,24.14016,9.656064,0, 
33.33333333,26.66666667,19.44444444,93,67,41,24.14016,11.265408,0, 
37.22222222,30.55555556,23.33333333,94,68,42,24.14016,11.265408,0, 
28.33333333,23.33333333,18.33333333,87,69,51,24.14016,12.874752,0, 
21.66666667,13.88888889,6.111111111,89,69,49,24.14016,8.04672,0, 
27.77777778,22.77777778,17.22222222,93,70,47,24.14016,11.265408,0, 
32.22222222,27.77777778,23.33333333,93,70,46,24.14016,9.656064,0, 
26.11111111,22.22222222,17.77777778,87,71,54,24.14016,11.265408,0, 
34.44444444,28.88888889,22.77777778,93,71,49,24.14016,11.265408,0, 
23.88888889,18.88888889,13.88888889,93,71,49,24.14016,9.656064,0, 
27.77777778,20.55555556,13.33333333,93,72,51,24.14016,11.265408,0, 
27.22222222,23.33333333,18.88888889,87,73,58,24.14016,12.874752,0, 
30.55555556,26.11111111,21.11111111,90,73,55,24.14016,11.265408,0, 
11.11111111,6.111111111,0.555555556,96,74,52,24.14016,11.265408,0, 
27.77777778,21.11111111,14.44444444,100,74,47,24.14016,11.265408,0, 
31.66666667,26.11111111,20,95,75,55,24.14016,6.437376,0, 
28.88888889,24.44444444,20,90,76,62,24.14016,12.874752,0, 
30.55555556,33.33333333,22.77777778,95,77,59,24.14016,9.656064,0, 
22.22222222,16.66666667,10.55555556,37,28,18,25.749504,9.656064,0, 
23.88888889,18.88888889,13.88888889,42,32,21,25.749504,9.656064,0, 
21.66666667,17.77777778,13.33333333,51,36,20,25.749504,9.656064,0, 
20,12.77777778,5,53,36,18,25.749504,9.656064,0, 
24.44444444,13.88888889,2.777777778,70,41,12,25.749504,8.04672,0, 
27.77777778,17.77777778,7.777777778,71,44,17,25.749504,8.04672,0, 
28.33333333,21.11111111,13.88888889,81,48,15,25.749504,12.874752,0, 
10.55555556,6.666666667,2.222222222,64,50,36,25.749504,14.484096,0, 
16.66666667,11.66666667,6.666666667,65,51,36,25.749504,11.265408,0, 
11.66666667,5.555555556,-1.111111111,82,52,22,25.749504,9.656064,0, 
18.33333333,12.22222222,6.111111111,82,53,24,25.749504,11.265408,0, 
22.77777778,13.88888889,4.444444444,76,56,35,25.749504,11.265408,0, 
38.33333333,32.22222222,26.11111111,85,56,27,25.749504,9.656064,0, 
33.33333333,25,16.66666667,84,57,30,25.749504,11.265408,0, 
25.55555556,17.77777778,9.444444444,81,59,36,25.749504,9.656064,0, 
36.11111111,30,23.33333333,87,59,30,25.749504,8.04672,0, 
23.33333333,16.66666667,10,90,59,27,25.749504,8.04672,0, 
8.888888889,4.444444444,-0.555555556,80,60,39,25.749504,16.09344,0, 
36.66666667,31.11111111,25,82,60,38,25.749504,11.265408,0, 
31.66666667,26.66666667,21.11111111,84,61,38,25.749504,12.874752,0, 
33.33333333,24.44444444,15.55555556,90,61,32,25.749504,12.874752,0, 
18.33333333,9.444444444,0.555555556,96,61,26,25.749504,9.656064,0, 
13.88888889,7.777777778,1.666666667,85,62,38,25.749504,9.656064,0, 
27.22222222,21.11111111,15,87,62,36,25.749504,12.874752,0, 
27.22222222,19.44444444,11.66666667,100,62,23,25.749504,8.04672,0, 
27.22222222,22.77777778,17.77777778,81,63,45,25.749504,12.874752,0, 
31.11111111,25.55555556,19.44444444,87,63,38,25.749504,8.04672,0, 
37.22222222,31.66666667,26.11111111,85,64,42,25.749504,14.484096,0, 
36.66666667,31.66666667,26.11111111,85,64,42,25.749504,12.874752,0, 
25.55555556,18.33333333,10.55555556,100,64,27,25.749504,8.04672,0, 
37.22222222,31.66666667,26.11111111,85,65,45,25.749504,12.874752,0, 
19.44444444,11.66666667,3.888888889,86,65,44,25.749504,9.656064,0, 
33.88888889,29.44444444,24.44444444,88,65,41,25.749504,12.874752,0, 
29.44444444,22.77777778,15.55555556,90,65,40,25.749504,14.484096,0, 
29.44444444,22.77777778,16.11111111,90,65,40,25.749504,12.874752,0, 
28.88888889,23.33333333,17.77777778,87,66,45,25.749504,12.874752,0, 
29.44444444,23.33333333,16.66666667,93,67,40,25.749504,12.874752,0, 
21.66666667,13.88888889,5.555555556,89,68,47,25.749504,11.265408,0, 
37.77777778,32.22222222,26.11111111,91,68,45,25.749504,12.874752,0, 
13.33333333,8.888888889,3.888888889,93,68,43,25.749504,9.656064,0, 
26.11111111,19.44444444,12.22222222,93,68,42,25.749504,14.484096,0, 
30.55555556,25,19.44444444,87,69,50,25.749504,11.265408,0, 
10.55555556,6.111111111,1.666666667,100,69,38,25.749504,11.265408,0, 
30.55555556,25.55555556,20,90,71,51,25.749504,12.874752,0, 
28.88888889,23.88888889,18.88888889,93,71,49,25.749504,12.874752,0, 
32.77777778,24.44444444,15.55555556,97,71,44,25.749504,9.656064,0, 
23.88888889,18.33333333,12.22222222,86,72,57,25.749504,14.484096,0, 
32.77777778,28.88888889,25,88,72,55,25.749504,12.874752,0, 
28.88888889,22.77777778,16.66666667,93,72,51,25.749504,12.874752,0, 
26.66666667,21.11111111,15,93,72,51,25.749504,12.874752,0, 
32.22222222,24.44444444,16.66666667,90,73,55,25.749504,11.265408,0, 
25,20,14.44444444,93,74,54,25.749504,14.484096,0, 
22.77777778,18.33333333,13.33333333,93,75,57,25.749504,11.265408,0, 
24.44444444,21.66666667,18.33333333,93,79,64,25.749504,12.874752,0, 
26.66666667,19.44444444,12.22222222,43,31,18,27.358848,9.656064,0, 
28.88888889,22.22222222,15.55555556,60,36,11,27.358848,11.265408,0, 
18.33333333,13.33333333,7.777777778,58,37,15,27.358848,12.874752,0, 
2.222222222,-1.666666667,-5.555555556,50,38,26,27.358848,11.265408,0, 
5,2.222222222,-0.555555556,58,43,27,27.358848,12.874752,0, 
21.66666667,13.88888889,6.111111111,87,51,14,27.358848,11.265408,0, 
20.55555556,17.22222222,13.33333333,61,53,44,27.358848,12.874752,0, 
26.11111111,18.33333333,10.55555556,84,53,21,27.358848,9.656064,0, 
28.33333333,22.77777778,16.66666667,87,53,18,27.358848,11.265408,0, 
1.111111111,-1.666666667,-5,60,55,49,27.358848,16.09344,0, 
34.44444444,25.55555556,16.66666667,76,55,34,27.358848,11.265408,0, 
39.44444444,33.33333333,26.66666667,85,55,25,27.358848,14.484096,0, 
38.88888889,32.22222222,25.55555556,85,57,29,27.358848,12.874752,0, 
30,22.77777778,15.55555556,84,58,32,27.358848,14.484096,0, 
30.55555556,22.22222222,13.88888889,90,59,27,27.358848,16.09344,0, 
37.77777778,32.22222222,26.11111111,85,60,35,27.358848,14.484096,0, 
28.33333333,23.33333333,18.33333333,93,60,26,27.358848,11.265408,0, 
37.22222222,31.11111111,24.44444444,82,61,40,27.358848,8.04672,0, 
37.77777778,31.11111111,24.44444444,88,61,33,27.358848,9.656064,0, 
16.11111111,12.22222222,8.333333333,72,62,51,27.358848,14.484096,0, 
35,28.33333333,21.11111111,84,64,43,27.358848,14.484096,0, 
35.55555556,30.55555556,25,88,64,39,27.358848,12.874752,0, 
37.77777778,31.66666667,25,88,64,39,27.358848,14.484096,0, 
38.33333333,31.66666667,25,88,64,40,27.358848,12.874752,0, 
29.44444444,22.77777778,15.55555556,90,65,40,27.358848,9.656064,0, 
30.55555556,24.44444444,18.33333333,87,66,45,27.358848,14.484096,0, 
26.11111111,20.55555556,15,90,66,42,27.358848,11.265408,0, 
25.55555556,16.66666667,7.222222222,86,67,47,27.358848,14.484096,0, 
30,24.44444444,18.88888889,90,67,43,27.358848,11.265408,0, 
18.33333333,12.22222222,5.555555556,93,67,40,27.358848,11.265408,0, 
28.88888889,21.66666667,13.88888889,93,67,40,27.358848,12.874752,0, 
30.55555556,22.77777778,15,90,68,46,27.358848,11.265408,0, 
35,30,25,88,69,49,27.358848,14.484096,0, 
18.88888889,12.22222222,5,93,69,45,27.358848,9.656064,0, 
24.44444444,17.22222222,9.444444444,93,70,46,27.358848,9.656064,0, 
30.55555556,27.77777778,24.44444444,87,71,55,27.358848,16.09344,0, 
30,24.44444444,18.88888889,93,71,48,27.358848,12.874752,0, 
18.33333333,15,11.66666667,84,74,64,27.358848,12.874752,0, 
26.66666667,23.33333333,20,90,74,58,27.358848,14.484096,0, 
17.77777778,10,2.222222222,92,76,60,27.358848,8.04672,0, 
30,26.11111111,22.22222222,93,77,61,27.358848,14.484096,0, 
26.11111111,21.11111111,15.55555556,60,43,25,28.968192,12.874752,0, 
28.33333333,18.33333333,8.333333333,73,49,24,28.968192,12.874752,0, 
18.33333333,12.22222222,5.555555556,76,49,21,28.968192,11.265408,0, 
30.55555556,20.55555556,10.55555556,77,49,21,28.968192,8.04672,0, 
21.11111111,15.55555556,9.444444444,84,51,18,28.968192,14.484096,0, 
32.77777778,25,16.66666667,84,51,17,28.968192,12.874752,0, 
30,19.44444444,8.333333333,86,51,15,28.968192,9.656064,0, 
16.66666667,12.77777778,8.333333333,72,52,31,28.968192,17.702784,0, 
27.77777778,21.11111111,14.44444444,78,53,28,28.968192,6.437376,0, 
12.22222222,7.777777778,2.777777778,70,56,41,28.968192,12.874752,0, 
30,21.66666667,12.77777778,80,56,32,28.968192,9.656064,0, 
14.44444444,8.888888889,3.333333333,71,59,46,28.968192,14.484096,0, 
38.33333333,31.66666667,25,88,60,31,28.968192,8.04672,0, 
33.88888889,28.33333333,22.22222222,84,63,41,28.968192,16.09344,0, 
36.66666667,30.55555556,24.44444444,88,63,38,28.968192,11.265408,0, 
35,29.44444444,23.88888889,87,64,41,28.968192,14.484096,0, 
31.11111111,26.11111111,21.11111111,84,65,46,28.968192,14.484096,0, 
30,24.44444444,18.88888889,87,65,43,28.968192,16.09344,0, 
30,23.88888889,17.22222222,93,67,40,28.968192,12.874752,0, 
32.77777778,29.44444444,25.55555556,85,69,52,28.968192,12.874752,0, 
34.44444444,27.77777778,20.55555556,93,70,46,28.968192,6.437376,0, 
30.55555556,25,19.44444444,97,79,61,28.968192,14.484096,0, 
26.11111111,16.66666667,7.222222222,83,56,29,32.18688,12.874752,0, 
29.44444444,23.88888889,18.33333333,87,66,44,32.18688,16.09344,0, 
39.44444444,32.22222222,24.44444444,100,66,31,32.18688,16.09344,0, 
33.33333333,27.77777778,21.66666667,93,73,52,32.18688,8.04672,0, 
30,25.55555556,21.11111111,90,74,57,32.18688,14.484096,0, 
23.88888889,17.77777778,11.11111111,63,45,27,33.796224,12.874752,0, 
2.777777778,0,-3.333333333,58,48,38,33.796224,19.312128,0, 
10.55555556,5,-1.111111111,76,54,32,33.796224,14.484096,0, 
12.77777778,6.666666667,0.555555556,83,55,26,33.796224,12.874752,0, 
15,8.333333333,1.111111111,87,59,31,33.796224,16.09344,0, 
22.77777778,17.77777778,12.22222222,93,59,24,33.796224,12.874752,0, 
11.11111111,6.666666667,2.222222222,83,68,52,33.796224,16.09344,0, 
24.44444444,12.77777778,1.111111111,100,80,59,33.796224,9.656064,0, 
25,17.77777778,10,96,57,18,35.405568,12.874752,0, 
30,25.55555556,21.11111111,90,67,44,35.405568,16.09344,0, 
21.11111111,15.55555556,9.444444444,56,36,16,38.624256,17.702784,0, 
21.11111111,16.66666667,11.66666667,47,38,28,38.624256,17.702784,0, 
29.44444444,23.88888889,18.33333333,87,56,24,38.624256,16.09344,0, 
17.77777778,13.33333333,8.888888889,93,66,39,38.624256,17.702784,0, 
39.44444444,31.66666667,23.33333333,100,65,29,,,0, 
40.55555556,32.22222222,23.88888889,,,,,,0, 
32.77777778,28.88888889,24.44444444,88,68,47,20.921472,9.656064,0.254, 
33.88888889,28.88888889,23.88888889,88,70,52,20.921472,9.656064,0.254, 
38.33333333,32.22222222,26.11111111,91,62,33,25.749504,11.265408,0.254, 
36.66666667,31.11111111,25.55555556,91,66,40,27.358848,12.874752,0.254, 
26.11111111,20.55555556,14.44444444,100,78,56,22.530816,9.656064,0.508, 
34.44444444,28.88888889,23.33333333,100,75,49,20.921472,3.218688,1.016, 
27.77777778,23.33333333,18.33333333,87,71,54,24.14016,14.484096,1.27, 
4.444444444,0.555555556,-3.333333333,81,60,39,25.749504,8.04672,1.27, 
15.55555556,11.66666667,7.222222222,83,65,47,11.265408,1.609344,, 
26.66666667,21.11111111,15,87,65,42,11.265408,1.609344,, 
24.44444444,20.55555556,16.66666667,97,72,46,11.265408,1.609344,, 
30.55555556,26.11111111,21.66666667,79,69,58,12.874752,6.437376,, 
18.33333333,15.55555556,12.22222222,60,48,36,16.09344,6.437376,, 
15.55555556,9.444444444,3.333333333,82,56,29,16.09344,3.218688,, 
16.66666667,10.55555556,4.444444444,92,64,36,16.09344,3.218688,, 
32.22222222,28.33333333,23.88888889,82,67,52,16.09344,9.656064,, 
14.44444444,10,5,86,71,56,16.09344,3.218688,, 
30,25,19.44444444,93,71,48,16.09344,6.437376,, 
33.33333333,28.33333333,22.77777778,94,73,52,16.09344,4.828032,, 
20,17.22222222,13.88888889,87,80,73,16.09344,8.04672,, 
12.77777778,11.11111111,9.444444444,48,38,27,19.312128,6.437376,, 
24.44444444,20,15.55555556,78,56,34,19.312128,6.437376,, 
32.77777778,28.88888889,24.44444444,88,69,49,19.312128,9.656064,, 
28.33333333,22.77777778,16.66666667,93,70,47,19.312128,3.218688,, 
33.33333333,28.33333333,23.33333333,93,70,47,19.312128,8.04672,, 
33.88888889,28.88888889,23.88888889,94,72,49,19.312128,4.828032,, 
33.33333333,28.88888889,23.88888889,94,72,49,19.312128,12.874752,, 
32.22222222,26.66666667,20.55555556,97,72,47,19.312128,6.437376,, 
22.22222222,13.88888889,5.555555556,93,77,60,19.312128,4.828032,, 
15.55555556,12.77777778,9.444444444,100,92,84,19.312128,4.828032,, 
11.66666667,9.444444444,7.222222222,61,57,53,20.921472,9.656064,, 
25.55555556,22.22222222,18.88888889,87,69,50,20.921472,11.265408,, 
32.22222222,28.33333333,24.44444444,85,70,55,20.921472,12.874752,, 
28.33333333,22.77777778,16.66666667,90,74,58,20.921472,4.828032,, 
27.77777778,23.33333333,18.88888889,93,76,58,20.921472,9.656064,, 
26.11111111,21.66666667,17.22222222,93,79,64,20.921472,9.656064,, 
40,32.77777778,25,85,56,27,22.530816,8.04672,, 
5.555555556,3.888888889,2.222222222,76,70,64,22.530816,12.874752,, 
24.44444444,20,15,84,72,60,22.530816,9.656064,, 
27.77777778,25,21.66666667,90,74,58,22.530816,11.265408,, 
28.33333333,25,21.66666667,90,76,62,22.530816,11.265408,, 
30.55555556,26.66666667,22.22222222,93,82,70,22.530816,8.04672,, 
39.44444444,32.77777778,25.55555556,91,58,25,24.14016,9.656064,, 
36.66666667,31.66666667,26.11111111,85,62,38,24.14016,11.265408,, 
30.55555556,26.11111111,21.11111111,90,70,50,24.14016,11.265408,, 
30.55555556,23.88888889,17.22222222,93,71,48,24.14016,11.265408,, 
33.33333333,28.88888889,23.88888889,94,72,49,24.14016,9.656064,, 
31.66666667,26.66666667,21.11111111,93,74,55,24.14016,8.04672,, 
30,25.55555556,21.11111111,97,79,61,24.14016,11.265408,, 
35,28.88888889,22.77777778,87,67,46,25.749504,8.04672,, 
26.11111111,18.88888889,11.11111111,100,68,35,25.749504,6.437376,, 
33.88888889,30,25.55555556,85,69,52,25.749504,14.484096,, 
32.77777778,29.44444444,25.55555556,85,71,56,25.749504,12.874752,, 
33.33333333,28.88888889,24.44444444,94,71,47,25.749504,8.04672,, 
11.11111111,7.222222222,3.333333333,92,77,62,25.749504,11.265408,, 
32.77777778,27.22222222,21.11111111,100,78,56,25.749504,9.656064,, 
27.22222222,23.33333333,19.44444444,93,79,64,25.749504,11.265408,, 
26.11111111,23.33333333,20.55555556,90,81,71,25.749504,12.874752,, 
25,20.55555556,16.11111111,93,61,29,27.358848,9.656064,, 
32.77777778,28.33333333,23.88888889,88,69,49,27.358848,12.874752,, 
25.55555556,22.22222222,18.33333333,100,85,69,27.358848,11.265408,, 
25.55555556,21.66666667,17.22222222,84,63,42,28.968192,14.484096,, 
35,29.44444444,23.88888889,94,70,46,28.968192,11.265408,, 
25.55555556,22.77777778,20,90,79,67,28.968192,11.265408,, 
34.44444444,28.88888889,22.77777778,94,72,49,32.18688,16.09344,, 
26.11111111,22.22222222,18.33333333,87,75,62,33.796224,12.874752,, 
7.777777778,5,2.222222222,92,75,58,33.796224,12.874752,, 
18.88888889,12.22222222,5,93,63,32,35.405568,11.265408,, 
22.77777778,17.22222222,11.66666667,97,74,43,11.265408,3.218688,0,Fog
20,12.77777778,5.555555556,100,65,29,14.484096,4.828032,0,Fog
22.77777778,16.11111111,9.444444444,100,71,41,14.484096,3.218688,0,Fog
27.77777778,20.55555556,13.33333333,100,74,48,14.484096,3.218688,0,Fog
26.66666667,20.55555556,13.88888889,100,74,47,16.09344,4.828032,0,Fog
26.11111111,20,13.88888889,100,75,50,16.09344,4.828032,0,Fog
25,18.88888889,12.22222222,100,75,50,16.09344,6.437376,0,Fog
30,22.77777778,15.55555556,100,72,44,19.312128,4.828032,0,Fog
21.11111111,16.66666667,11.66666667,93,80,66,19.312128,4.828032,0,Fog
24.44444444,15,5,96,70,44,20.921472,6.437376,0,Fog
24.44444444,20,15,90,74,57,20.921472,8.04672,0,Fog
7.777777778,6.111111111,3.888888889,100,87,73,20.921472,9.656064,0,Fog
26.11111111,18.88888889,11.11111111,100,79,58,22.530816,9.656064,0,Fog
7.777777778,6.111111111,4.444444444,100,88,76,22.530816,8.04672,0,Fog
27.77777778,20,11.66666667,93,74,54,25.749504,8.04672,0,Fog
26.66666667,19.44444444,12.22222222,93,69,45,27.358848,11.265408,0,Fog
14.44444444,10.55555556,6.111111111,100,84,67,27.358848,6.437376,0,Fog
25,18.88888889,12.22222222,100,73,46,28.968192,12.874752,0,Fog
27.77777778,23.88888889,19.44444444,100,81,62,20.921472,8.04672,0.254,Fog
27.22222222,18.33333333,8.888888889,100,62,23,33.796224,9.656064,0.508,Fog
22.22222222,16.66666667,10.55555556,100,89,78,19.312128,4.828032,,Fog
20,15.55555556,11.11111111,100,74,47,11.265408,1.609344,0.254,"Fog , Rain"
17.22222222,11.11111111,5,100,95,90,12.874752,1.609344,0.254,"Fog , Rain"
21.11111111,13.88888889,6.666666667,100,85,70,19.312128,4.828032,0.254,"Fog , Rain"
10,5.555555556,1.111111111,100,91,82,27.358848,9.656064,0.254,"Fog , Rain"
19.44444444,15,10,100,91,81,22.530816,6.437376,0.508,"Fog , Rain"
23.33333333,20,16.66666667,93,81,68,19.312128,6.437376,1.778,"Fog , Rain"
28.88888889,25.55555556,21.66666667,84,69,54,22.530816,9.656064,4.826,"Fog , Rain"
23.33333333,20,16.66666667,100,90,79,20.921472,8.04672,8.382,"Fog , Rain"
17.22222222,15.55555556,13.33333333,100,79,57,27.358848,12.874752,13.462,"Fog , Rain"
25.55555556,19.44444444,13.33333333,100,74,48,22.530816,11.265408,16.51,"Fog , Rain"
21.66666667,17.77777778,13.88888889,93,89,84,24.14016,6.437376,29.718,"Fog , Rain"
25.55555556,20.55555556,15,97,85,73,22.530816,8.04672,36.068,"Fog , Rain"
23.33333333,14.44444444,5,100,94,87,24.14016,11.265408,37.084,"Fog , Rain"
30.55555556,25,19.44444444,100,74,48,22.530816,4.828032,,"Fog , Rain"
32.77777778,25.55555556,18.33333333,100,79,57,20.921472,8.04672,0.508,"Fog , Rain , Thunderstorm"
21.11111111,11.11111111,1.111111111,100,95,89,33.796224,9.656064,3.81,"Fog , Rain , Thunderstorm"
33.88888889,28.88888889,23.33333333,94,72,49,35.405568,6.437376,6.096,"Fog , Rain , Thunderstorm"
31.66666667,26.66666667,21.66666667,94,77,59,25.749504,8.04672,12.446,"Fog , Rain , Thunderstorm"
28.33333333,25.55555556,22.22222222,100,90,79,27.358848,4.828032,12.446,"Fog , Rain , Thunderstorm"
25,18.88888889,12.22222222,100,82,64,45.061632,6.437376,14.478,"Fog , Rain , Thunderstorm"
34.44444444,28.88888889,22.77777778,100,76,52,22.530816,6.437376,19.05,"Fog , Rain , Thunderstorm"
31.11111111,26.11111111,21.11111111,100,83,65,20.921472,6.437376,19.304,"Fog , Rain , Thunderstorm"
35.55555556,28.88888889,22.22222222,100,71,42,25.749504,3.218688,20.066,"Fog , Rain , Thunderstorm"
30,24.44444444,18.88888889,94,73,51,20.921472,6.437376,23.368,"Fog , Rain , Thunderstorm"
30,26.11111111,22.22222222,100,85,70,27.358848,6.437376,23.622,"Fog , Rain , Thunderstorm"
37.22222222,30,22.77777778,91,65,38,45.061632,8.04672,24.892,"Fog , Rain , Thunderstorm"
33.33333333,28.33333333,23.33333333,100,78,55,25.749504,4.828032,26.924,"Fog , Rain , Thunderstorm"
26.66666667,23.33333333,20,93,84,74,25.749504,8.04672,27.178,"Fog , Rain , Thunderstorm"
28.88888889,25.55555556,21.66666667,94,87,79,20.921472,1.609344,27.686,"Fog , Rain , Thunderstorm"
21.11111111,19.44444444,17.77777778,100,97,93,22.530816,6.437376,28.448,"Fog , Rain , Thunderstorm"
30,26.11111111,22.22222222,100,87,74,20.921472,9.656064,34.036,"Fog , Rain , Thunderstorm"
28.33333333,25.55555556,22.77777778,94,84,74,24.14016,11.265408,34.036,"Fog , Rain , Thunderstorm"
25.55555556,21.66666667,17.77777778,97,90,82,25.749504,9.656064,34.036,"Fog , Rain , Thunderstorm"
22.77777778,14.44444444,6.111111111,90,65,39,35.405568,16.09344,34.036,"Fog , Rain , Thunderstorm"
32.22222222,25.55555556,18.88888889,100,72,44,40.2336,4.828032,35.306,"Fog , Rain , Thunderstorm"
30.55555556,25,18.88888889,100,83,65,28.968192,11.265408,35.814,"Fog , Rain , Thunderstorm"
15,12.22222222,8.888888889,100,86,72,22.530816,9.656064,39.878,"Fog , Rain , Thunderstorm"
22.77777778,20,17.22222222,93,86,79,35.405568,4.828032,44.45,"Fog , Rain , Thunderstorm"
28.33333333,25,21.66666667,100,90,79,16.09344,4.828032,45.466,"Fog , Rain , Thunderstorm"
27.77777778,22.22222222,16.66666667,94,87,79,28.968192,11.265408,62.23,"Fog , Rain , Thunderstorm"
31.66666667,27.22222222,22.22222222,100,83,65,37.014912,8.04672,67.564,"Fog , Rain , Thunderstorm"
19.44444444,17.22222222,14.44444444,100,97,93,32.18688,11.265408,84.582,"Fog , Rain , Thunderstorm"
31.66666667,27.77777778,23.33333333,94,77,59,20.921472,8.04672,89.662,"Fog , Rain , Thunderstorm"
32.22222222,27.22222222,22.22222222,100,78,56,40.2336,3.218688,92.964,"Fog , Rain , Thunderstorm"
28.33333333,23.88888889,18.88888889,100,77,54,32.18688,11.265408,97.536,"Fog , Rain , Thunderstorm"
23.88888889,21.66666667,19.44444444,100,90,79,46.670976,12.874752,125.222,"Fog , Rain , Thunderstorm"
27.77777778,23.33333333,18.88888889,100,87,74,25.749504,8.04672,132.08,"Fog , Rain , Thunderstorm"
31.66666667,22.77777778,13.88888889,100,60,20,24.14016,9.656064,0,"Fog , Thunderstorm"
31.11111111,27.22222222,22.77777778,93,77,61,19.312128,8.04672,0,Rain
18.33333333,15.55555556,12.22222222,83,66,48,12.874752,4.828032,0.254,Rain
25.55555556,20.55555556,15,93,68,43,14.484096,3.218688,0.254,Rain
25,21.11111111,17.22222222,100,82,64,14.484096,4.828032,0.254,Rain
21.66666667,20,18.33333333,93,86,79,14.484096,4.828032,0.254,Rain
21.66666667,16.11111111,10,84,69,53,19.312128,4.828032,0.254,Rain
31.11111111,27.22222222,22.77777778,100,78,55,19.312128,9.656064,0.254,Rain
23.88888889,20.55555556,17.22222222,100,82,64,19.312128,8.04672,0.254,Rain
23.33333333,17.77777778,11.66666667,100,83,66,19.312128,8.04672,0.254,Rain
21.11111111,14.44444444,8.888888889,100,85,44,19.312128,4.828032,0.254,Rain
17.22222222,9.444444444,1.666666667,100,64,27,20.921472,4.828032,0.254,Rain
2.222222222,1.111111111,-0.555555556,92,72,52,20.921472,11.265408,0.254,Rain
22.77777778,18.33333333,13.88888889,86,69,52,22.530816,11.265408,0.254,Rain
30.55555556,26.11111111,21.66666667,93,74,55,22.530816,12.874752,0.254,Rain
29.44444444,25.55555556,21.66666667,93,84,74,22.530816,11.265408,0.254,Rain
19.44444444,13.88888889,7.777777778,84,68,52,24.14016,6.437376,0.254,Rain
36.11111111,30.55555556,24.44444444,94,71,48,24.14016,11.265408,0.254,Rain
31.11111111,26.66666667,21.66666667,94,76,57,24.14016,11.265408,0.254,Rain
27.77777778,22.22222222,16.11111111,100,78,55,25.749504,12.874752,0.254,Rain
23.88888889,21.11111111,18.33333333,100,92,84,25.749504,11.265408,0.254,Rain
18.88888889,10.55555556,2.222222222,93,79,64,27.358848,14.484096,0.254,Rain
23.88888889,22.77777778,21.11111111,90,85,79,27.358848,14.484096,0.254,Rain
2.777777778,1.111111111,-1.111111111,92,87,82,27.358848,14.484096,0.254,Rain
16.66666667,12.77777778,8.333333333,93,85,77,28.968192,11.265408,0.254,Rain
32.77777778,27.22222222,21.66666667,100,75,50,32.18688,4.828032,0.254,Rain
24.44444444,21.11111111,17.77777778,87,76,64,33.796224,17.702784,0.254,Rain
17.77777778,12.22222222,6.111111111,100,66,32,35.405568,11.265408,0.254,Rain
26.11111111,22.77777778,19.44444444,90,76,62,11.265408,6.437376,0.508,Rain
18.88888889,13.88888889,8.333333333,93,75,56,12.874752,1.609344,0.508,Rain
10.55555556,9.444444444,8.333333333,100,77,54,14.484096,1.609344,0.508,Rain
25,20.55555556,16.11111111,93,81,69,14.484096,6.437376,0.508,Rain
8.888888889,6.666666667,4.444444444,100,72,43,16.09344,6.437376,0.508,Rain
20.55555556,17.77777778,15,100,78,56,16.09344,6.437376,0.508,Rain
7.222222222,5.555555556,3.333333333,100,95,89,16.09344,6.437376,0.508,Rain
3.333333333,2.222222222,1.111111111,70,62,54,20.921472,9.656064,0.508,Rain
36.11111111,30.55555556,25,91,63,35,20.921472,6.437376,0.508,Rain
32.22222222,28.33333333,23.88888889,87,67,47,20.921472,8.04672,0.508,Rain
22.77777778,17.22222222,11.11111111,96,73,49,20.921472,8.04672,0.508,Rain
20.55555556,17.77777778,14.44444444,100,76,52,20.921472,9.656064,0.508,Rain
24.44444444,20,15,87,62,37,22.530816,4.828032,0.508,Rain
33.33333333,29.44444444,25,91,68,44,25.749504,14.484096,0.508,Rain
29.44444444,25,20,97,74,51,27.358848,3.218688,0.508,Rain
22.77777778,15,6.666666667,100,77,53,27.358848,11.265408,0.508,Rain
28.33333333,25.55555556,22.77777778,87,81,74,27.358848,14.484096,0.508,Rain
12.77777778,7.222222222,1.666666667,79,69,59,28.968192,17.702784,0.508,Rain
13.33333333,8.333333333,2.777777778,93,80,66,32.18688,11.265408,0.508,Rain
15.55555556,8.333333333,1.111111111,66,44,21,33.796224,14.484096,0.508,Rain
9.444444444,6.111111111,2.777777778,92,74,56,12.874752,4.828032,0.762,Rain
18.88888889,16.11111111,12.77777778,97,87,77,16.09344,6.437376,0.762,Rain
25,21.11111111,16.66666667,100,91,82,16.09344,6.437376,0.762,Rain
33.88888889,29.44444444,24.44444444,94,73,52,22.530816,8.04672,0.762,Rain
25,22.77777778,20,100,88,76,22.530816,11.265408,0.762,Rain
18.88888889,12.22222222,5,93,79,65,25.749504,12.874752,0.762,Rain
19.44444444,16.66666667,13.88888889,97,85,73,14.484096,8.04672,1.016,Rain
8.333333333,7.222222222,5.555555556,96,91,86,14.484096,6.437376,1.016,Rain
17.22222222,15,12.77777778,93,75,56,16.09344,6.437376,1.016,Rain
33.88888889,28.88888889,23.88888889,94,72,49,20.921472,9.656064,1.016,Rain
32.77777778,28.33333333,23.88888889,94,75,56,20.921472,6.437376,1.016,Rain
3.888888889,0.555555556,-2.777777778,69,48,27,24.14016,9.656064,1.27,Rain
28.33333333,22.22222222,15.55555556,90,68,45,27.358848,9.656064,1.27,Rain
33.88888889,27.77777778,21.66666667,94,68,41,28.968192,9.656064,1.27,Rain
21.11111111,16.66666667,12.22222222,93,62,31,32.18688,16.09344,1.27,Rain
12.77777778,9.444444444,5.555555556,100,92,83,12.874752,3.218688,1.524,Rain
33.88888889,28.88888889,23.88888889,100,76,52,16.09344,8.04672,1.524,Rain
19.44444444,16.66666667,13.33333333,97,85,72,16.09344,6.437376,1.524,Rain
18.88888889,16.66666667,14.44444444,100,94,87,19.312128,4.828032,1.524,Rain
32.77777778,27.77777778,22.77777778,94,75,56,25.749504,8.04672,1.524,Rain
28.88888889,26.11111111,22.77777778,84,75,65,27.358848,12.874752,1.524,Rain
23.88888889,19.44444444,15,97,75,53,12.874752,4.828032,1.778,Rain
13.33333333,11.11111111,8.333333333,100,92,83,12.874752,6.437376,1.778,Rain
24.44444444,20,15,93,85,76,19.312128,3.218688,1.778,Rain
23.33333333,20,16.11111111,100,82,64,22.530816,9.656064,1.778,Rain
21.66666667,18.88888889,16.11111111,100,94,87,11.265408,3.218688,2.032,Rain
30.55555556,25.55555556,20,100,83,65,24.14016,8.04672,2.032,Rain
22.77777778,10.55555556,-2.222222222,89,79,69,32.18688,16.09344,2.032,Rain
34.44444444,28.88888889,23.33333333,94,70,46,12.874752,4.828032,2.286,Rain
34.44444444,28.88888889,23.33333333,100,75,49,14.484096,3.218688,2.286,Rain
6.111111111,3.888888889,1.666666667,100,95,89,16.09344,9.656064,2.286,Rain
2.222222222,1.111111111,-0.555555556,100,93,85,16.09344,8.04672,2.54,Rain
30,25,19.44444444,100,76,51,20.921472,8.04672,2.54,Rain
22.22222222,18.33333333,13.88888889,93,81,68,20.921472,9.656064,2.54,Rain
26.66666667,24.44444444,21.66666667,90,82,74,20.921472,11.265408,2.54,Rain
2.222222222,1.666666667,0.555555556,89,80,70,24.14016,14.484096,2.54,Rain
25.55555556,23.33333333,21.11111111,93,85,76,33.796224,16.09344,2.54,Rain
27.77777778,25.55555556,22.77777778,100,87,74,12.874752,3.218688,2.794,Rain
14.44444444,9.444444444,3.888888889,86,71,55,24.14016,8.04672,2.794,Rain
22.77777778,21.11111111,19.44444444,97,88,78,27.358848,12.874752,2.794,Rain
11.11111111,6.666666667,2.222222222,83,63,43,32.18688,12.874752,2.794,Rain
32.22222222,26.66666667,21.11111111,100,67,34,22.530816,8.04672,3.048,Rain
30,26.66666667,23.33333333,100,85,69,16.09344,4.828032,3.302,Rain
27.22222222,21.66666667,15.55555556,93,74,54,20.921472,6.437376,3.302,Rain
8.333333333,4.444444444,0,92,71,49,22.530816,6.437376,3.302,Rain
22.77777778,16.66666667,10.55555556,100,71,41,22.530816,4.828032,3.302,Rain
29.44444444,26.11111111,22.22222222,85,70,55,20.921472,8.04672,3.556,Rain
24.44444444,17.77777778,10.55555556,93,57,21,27.358848,11.265408,3.556,Rain
17.77777778,11.66666667,5.555555556,89,68,46,16.09344,3.218688,3.81,Rain
13.33333333,11.66666667,10,96,84,71,16.09344,9.656064,4.064,Rain
33.33333333,28.33333333,22.77777778,91,72,52,19.312128,4.828032,4.064,Rain
11.66666667,8.333333333,4.444444444,93,75,57,19.312128,1.609344,4.064,Rain
27.77777778,24.44444444,21.11111111,100,85,69,25.749504,11.265408,4.064,Rain
9.444444444,5.555555556,1.111111111,100,90,80,12.874752,4.828032,4.318,Rain
10,4.444444444,-1.111111111,92,72,52,14.484096,6.437376,4.318,Rain
18.33333333,17.22222222,15.55555556,100,94,87,16.09344,9.656064,4.318,Rain
31.66666667,26.11111111,20,94,73,51,19.312128,3.218688,4.318,Rain
31.11111111,27.22222222,23.33333333,100,84,68,19.312128,3.218688,4.318,Rain
30.55555556,25.55555556,20,97,75,53,16.09344,3.218688,4.826,Rain
8.333333333,7.222222222,5.555555556,100,77,53,12.874752,3.218688,5.08,Rain
32.22222222,27.77777778,23.33333333,100,78,55,14.484096,4.828032,5.334,Rain
17.77777778,14.44444444,10.55555556,90,77,63,16.09344,6.437376,5.588,Rain
22.22222222,19.44444444,16.66666667,93,83,72,14.484096,6.437376,5.842,Rain
20.55555556,19.44444444,18.33333333,100,91,81,16.09344,8.04672,5.842,Rain
22.22222222,20,17.22222222,100,91,81,11.265408,3.218688,6.096,Rain
6.666666667,5.555555556,3.888888889,100,91,82,20.921472,11.265408,6.35,Rain
23.88888889,21.11111111,17.77777778,100,92,84,25.749504,12.874752,6.35,Rain
6.111111111,5.555555556,4.444444444,96,76,55,12.874752,3.218688,6.604,Rain
26.66666667,23.33333333,19.44444444,100,84,67,19.312128,8.04672,6.604,Rain
23.33333333,21.66666667,20,100,91,81,22.530816,11.265408,6.604,Rain
23.88888889,18.88888889,13.88888889,100,84,68,19.312128,6.437376,6.858,Rain
24.44444444,18.88888889,13.33333333,93,60,27,25.749504,11.265408,7.62,Rain
16.66666667,13.33333333,9.444444444,100,80,59,24.14016,6.437376,7.874,Rain
11.66666667,10.55555556,9.444444444,93,88,83,20.921472,9.656064,9.398,Rain
22.22222222,18.33333333,14.44444444,100,83,66,16.09344,6.437376,10.16,Rain
10.55555556,7.222222222,3.333333333,93,77,61,24.14016,9.656064,10.16,Rain
17.77777778,16.11111111,14.44444444,93,92,90,25.749504,12.874752,10.16,Rain
16.11111111,14.44444444,12.77777778,100,95,90,16.09344,6.437376,10.922,Rain
12.22222222,10.55555556,8.333333333,100,69,38,19.312128,4.828032,11.43,Rain
23.88888889,19.44444444,14.44444444,100,87,73,27.358848,8.04672,14.224,Rain
11.11111111,10,8.333333333,100,95,89,16.09344,4.828032,16.002,Rain
17.77777778,16.11111111,13.88888889,100,89,78,27.358848,14.484096,16.51,Rain
15,13.88888889,12.22222222,100,72,44,20.921472,6.437376,16.764,Rain
18.88888889,17.22222222,15.55555556,100,92,84,22.530816,8.04672,17.272,Rain
18.88888889,17.77777778,16.11111111,100,94,87,14.484096,6.437376,18.542,Rain
27.77777778,22.77777778,17.77777778,93,81,69,12.874752,9.656064,19.304,Rain
23.88888889,16.11111111,8.333333333,93,69,44,28.968192,6.437376,26.162,Rain
22.77777778,21.11111111,19.44444444,100,89,78,20.921472,9.656064,30.988,Rain
11.11111111,10.55555556,9.444444444,100,95,89,19.312128,9.656064,32.766,Rain
15,13.88888889,12.77777778,100,97,93,20.921472,9.656064,38.354,Rain
23.33333333,15.55555556,7.777777778,96,84,72,37.014912,6.437376,39.116,Rain
11.11111111,8.333333333,5,100,91,82,32.18688,16.09344,52.578,Rain
12.77777778,11.11111111,9.444444444,100,97,93,12.874752,6.437376,55.118,Rain
24.44444444,23.33333333,21.66666667,100,97,93,11.265408,3.218688,59.69,Rain
24.44444444,20,15.55555556,100,94,87,27.358848,14.484096,121.666,Rain
21.11111111,18.33333333,15,100,86,72,11.265408,4.828032,,Rain
28.33333333,23.88888889,18.88888889,81,64,46,12.874752,3.218688,,Rain
27.77777778,22.77777778,17.22222222,93,72,51,12.874752,3.218688,,Rain
23.33333333,18.33333333,12.77777778,100,79,57,12.874752,3.218688,,Rain
28.33333333,22.22222222,16.11111111,84,67,49,14.484096,3.218688,,Rain
13.33333333,7.777777778,2.222222222,85,68,51,14.484096,4.828032,,Rain
16.66666667,11.11111111,5,96,70,43,14.484096,4.828032,,Rain
34.44444444,28.88888889,23.33333333,100,73,46,14.484096,4.828032,,Rain
23.33333333,18.88888889,13.88888889,100,75,49,14.484096,6.437376,,Rain
26.66666667,23.33333333,20,93,78,62,14.484096,3.218688,,Rain
13.88888889,9.444444444,5,100,80,59,14.484096,6.437376,,Rain
25,17.77777778,10.55555556,90,70,50,16.09344,4.828032,,Rain
28.88888889,25,21.11111111,93,74,55,19.312128,6.437376,,Rain
25.55555556,22.77777778,19.44444444,93,76,58,19.312128,8.04672,,Rain
21.66666667,18.33333333,15,90,78,66,19.312128,8.04672,,Rain
21.66666667,16.66666667,11.11111111,100,79,57,19.312128,4.828032,,Rain
21.66666667,16.66666667,11.11111111,93,85,77,19.312128,8.04672,,Rain
25.55555556,21.11111111,16.11111111,100,82,64,20.921472,8.04672,,Rain
19.44444444,15,10.55555556,100,89,78,20.921472,8.04672,,Rain
14.44444444,11.66666667,8.888888889,63,52,40,22.530816,9.656064,,Rain
16.11111111,10,3.888888889,82,52,22,22.530816,9.656064,,Rain
33.33333333,28.88888889,24.44444444,82,66,49,22.530816,4.828032,,Rain
33.33333333,28.88888889,23.88888889,94,69,44,22.530816,11.265408,,Rain
24.44444444,18.88888889,12.77777778,81,71,60,22.530816,9.656064,,Rain
29.44444444,25,20,87,71,55,22.530816,9.656064,,Rain
28.33333333,24.44444444,20,90,71,51,22.530816,11.265408,,Rain
33.33333333,27.77777778,22.22222222,93,73,52,22.530816,8.04672,,Rain
23.33333333,20,16.66666667,93,77,61,22.530816,8.04672,,Rain
27.77777778,23.88888889,19.44444444,100,77,54,22.530816,9.656064,,Rain
28.88888889,26.66666667,23.88888889,94,82,70,22.530816,11.265408,,Rain
2.222222222,-1.111111111,-5,56,48,39,24.14016,8.04672,,Rain
8.888888889,7.777777778,6.666666667,66,60,53,24.14016,12.874752,,Rain
34.44444444,29.44444444,23.88888889,87,62,36,24.14016,11.265408,,Rain
23.33333333,18.33333333,13.33333333,100,70,40,24.14016,8.04672,,Rain
15.55555556,8.888888889,1.666666667,82,74,66,24.14016,14.484096,,Rain
32.22222222,28.33333333,24.44444444,87,67,46,25.749504,11.265408,,Rain
30,26.11111111,22.22222222,90,71,51,25.749504,12.874752,,Rain
30,25,20,90,73,55,25.749504,12.874752,,Rain
31.66666667,24.44444444,17.22222222,94,74,53,25.749504,8.04672,,Rain
28.88888889,24.44444444,20,93,76,58,25.749504,14.484096,,Rain
27.77777778,24.44444444,21.11111111,97,78,58,25.749504,14.484096,,Rain
23.33333333,17.77777778,12.22222222,93,58,22,27.358848,12.874752,,Rain
26.11111111,18.88888889,11.11111111,90,62,34,27.358848,11.265408,,Rain
31.66666667,27.77777778,23.33333333,87,73,59,27.358848,12.874752,,Rain
32.77777778,27.22222222,21.66666667,93,78,63,27.358848,6.437376,,Rain
14.44444444,10.55555556,6.111111111,58,50,41,28.968192,16.09344,,Rain
15,10.55555556,6.111111111,77,66,55,28.968192,12.874752,,Rain
35,26.66666667,17.77777778,93,66,39,28.968192,12.874752,,Rain
17.77777778,12.22222222,6.111111111,76,61,46,32.18688,8.04672,,Rain
18.88888889,15.55555556,12.22222222,78,57,36,35.405568,16.09344,,Rain
13.33333333,5.555555556,-2.777777778,78,64,50,32.18688,14.484096,1.524,"Rain , Snow"
15.55555556,10.55555556,3.888888889,79,51,28,24.14016,11.265408,0,"Rain , Thunderstorm"
38.88888889,31.66666667,24.44444444,91,60,29,20.921472,4.828032,0.254,"Rain , Thunderstorm"
33.33333333,28.88888889,24.44444444,94,72,49,20.921472,6.437376,0.254,"Rain , Thunderstorm"
33.88888889,28.88888889,23.88888889,94,73,52,20.921472,4.828032,0.254,"Rain , Thunderstorm"
25,20.55555556,16.11111111,93,86,78,20.921472,3.218688,0.254,"Rain , Thunderstorm"
28.88888889,23.33333333,17.77777778,93,72,51,22.530816,8.04672,0.254,"Rain , Thunderstorm"
32.77777778,28.33333333,23.33333333,94,75,56,22.530816,1.609344,0.254,"Rain , Thunderstorm"
36.11111111,30.55555556,25,94,72,49,24.14016,8.04672,0.254,"Rain , Thunderstorm"
27.22222222,23.33333333,19.44444444,93,78,62,27.358848,6.437376,0.254,"Rain , Thunderstorm"
35,30,25,97,79,60,27.358848,9.656064,0.254,"Rain , Thunderstorm"
31.11111111,28.33333333,25,94,81,68,16.09344,8.04672,0.508,"Rain , Thunderstorm"
37.22222222,30.55555556,23.88888889,88,61,33,24.14016,4.828032,0.508,"Rain , Thunderstorm"
24.44444444,20.55555556,16.66666667,94,84,73,24.14016,9.656064,0.508,"Rain , Thunderstorm"
25,20,14.44444444,84,63,41,25.749504,8.04672,0.508,"Rain , Thunderstorm"
29.44444444,26.11111111,22.22222222,93,79,65,27.358848,14.484096,0.508,"Rain , Thunderstorm"
34.44444444,28.88888889,23.33333333,94,70,46,28.968192,4.828032,0.508,"Rain , Thunderstorm"
33.33333333,28.88888889,24.44444444,91,72,52,22.530816,11.265408,0.762,"Rain , Thunderstorm"
24.44444444,21.66666667,18.88888889,93,86,78,19.312128,9.656064,1.016,"Rain , Thunderstorm"
39.44444444,32.22222222,25,85,58,31,20.921472,6.437376,1.016,"Rain , Thunderstorm"
36.11111111,30.55555556,25,91,67,42,22.530816,9.656064,1.016,"Rain , Thunderstorm"
29.44444444,26.11111111,22.22222222,100,83,65,19.312128,9.656064,1.27,"Rain , Thunderstorm"
38.88888889,31.66666667,24.44444444,91,62,33,20.921472,4.828032,1.27,"Rain , Thunderstorm"
25.55555556,18.33333333,11.11111111,63,43,22,28.968192,9.656064,1.27,"Rain , Thunderstorm"
33.33333333,28.33333333,22.77777778,93,71,49,24.14016,4.828032,1.524,"Rain , Thunderstorm"
35.55555556,30.55555556,25,88,64,39,24.14016,8.04672,1.778,"Rain , Thunderstorm"
26.11111111,20,13.33333333,100,85,69,27.358848,8.04672,1.778,"Rain , Thunderstorm"
35.55555556,28.88888889,22.22222222,93,62,30,32.18688,4.828032,1.778,"Rain , Thunderstorm"
30,22.22222222,14.44444444,100,73,45,33.796224,8.04672,1.778,"Rain , Thunderstorm"
33.88888889,28.88888889,23.88888889,100,76,52,14.484096,3.218688,2.032,"Rain , Thunderstorm"
32.77777778,27.77777778,22.77777778,94,73,52,20.921472,3.218688,2.032,"Rain , Thunderstorm"
8.333333333,2.222222222,-4.444444444,75,56,37,28.968192,16.09344,2.032,"Rain , Thunderstorm"
30,25.55555556,20.55555556,93,77,61,28.968192,12.874752,2.032,"Rain , Thunderstorm"
30.55555556,24.44444444,17.77777778,100,67,34,20.921472,6.437376,2.286,"Rain , Thunderstorm"
23.33333333,18.33333333,13.33333333,93,70,47,22.530816,8.04672,2.286,"Rain , Thunderstorm"
24.44444444,20.55555556,16.11111111,87,63,38,32.18688,16.09344,2.286,"Rain , Thunderstorm"
27.22222222,21.66666667,16.11111111,90,76,62,32.18688,12.874752,2.286,"Rain , Thunderstorm"
35.55555556,30.55555556,25,94,73,52,20.921472,4.828032,2.54,"Rain , Thunderstorm"
11.66666667,10.55555556,8.888888889,96,75,54,24.14016,6.437376,2.54,"Rain , Thunderstorm"
28.88888889,24.44444444,20,93,78,62,27.358848,6.437376,2.794,"Rain , Thunderstorm"
11.66666667,10,7.777777778,100,86,71,14.484096,4.828032,3.302,"Rain , Thunderstorm"
8.333333333,3.888888889,-0.555555556,89,61,33,32.18688,16.09344,3.302,"Rain , Thunderstorm"
21.11111111,15,8.888888889,72,51,30,27.358848,12.874752,3.81,"Rain , Thunderstorm"
25.55555556,21.66666667,17.77777778,93,77,60,24.14016,11.265408,4.064,"Rain , Thunderstorm"
39.44444444,30.55555556,21.66666667,100,65,29,37.014912,4.828032,4.064,"Rain , Thunderstorm"
32.77777778,26.66666667,20,100,76,52,19.312128,1.609344,4.318,"Rain , Thunderstorm"
31.11111111,26.11111111,21.11111111,100,78,55,22.530816,9.656064,4.572,"Rain , Thunderstorm"
36.11111111,30,23.33333333,94,67,39,20.921472,4.828032,4.826,"Rain , Thunderstorm"
31.66666667,27.77777778,23.33333333,100,78,55,25.749504,6.437376,4.826,"Rain , Thunderstorm"
16.11111111,13.88888889,11.11111111,96,76,55,19.312128,8.04672,5.08,"Rain , Thunderstorm"
6.111111111,5,3.333333333,100,95,89,19.312128,8.04672,5.08,"Rain , Thunderstorm"
30.55555556,25.55555556,20.55555556,94,80,65,24.14016,9.656064,5.08,"Rain , Thunderstorm"
27.77777778,23.33333333,18.33333333,100,83,65,32.18688,8.04672,5.08,"Rain , Thunderstorm"
31.66666667,27.77777778,23.33333333,100,78,55,12.874752,4.828032,5.588,"Rain , Thunderstorm"
31.11111111,26.66666667,21.66666667,93,73,53,24.14016,4.828032,5.588,"Rain , Thunderstorm"
28.33333333,24.44444444,20,90,74,58,27.358848,14.484096,5.588,"Rain , Thunderstorm"
33.33333333,27.77777778,21.66666667,94,69,44,19.312128,6.437376,6.096,"Rain , Thunderstorm"
31.11111111,25.55555556,20,88,75,61,25.749504,6.437376,6.858,"Rain , Thunderstorm"
32.77777778,26.11111111,18.88888889,93,75,56,27.358848,12.874752,6.858,"Rain , Thunderstorm"
22.22222222,16.66666667,11.11111111,93,69,44,40.2336,4.828032,6.858,"Rain , Thunderstorm"
26.11111111,24.44444444,22.77777778,93,88,82,20.921472,9.656064,7.366,"Rain , Thunderstorm"
2.222222222,1.111111111,0,100,76,52,12.874752,4.828032,7.62,"Rain , Thunderstorm"
21.11111111,17.77777778,14.44444444,97,78,58,14.484096,1.609344,7.62,"Rain , Thunderstorm"
28.88888889,26.66666667,23.88888889,100,90,79,19.312128,4.828032,7.62,"Rain , Thunderstorm"
31.66666667,25.55555556,18.88888889,93,67,40,20.921472,8.04672,7.874,"Rain , Thunderstorm"
35,28.88888889,22.77777778,93,68,43,24.14016,6.437376,7.874,"Rain , Thunderstorm"
31.66666667,27.22222222,22.22222222,94,75,56,20.921472,8.04672,8.382,"Rain , Thunderstorm"
32.77777778,27.22222222,21.66666667,100,72,44,24.14016,8.04672,8.382,"Rain , Thunderstorm"
30.55555556,24.44444444,18.33333333,87,76,65,28.968192,9.656064,8.382,"Rain , Thunderstorm"
38.33333333,30.55555556,22.22222222,100,69,37,41.842944,4.828032,8.382,"Rain , Thunderstorm"
22.22222222,19.44444444,16.66666667,100,94,87,16.09344,6.437376,8.636,"Rain , Thunderstorm"
18.88888889,15,10.55555556,72,57,42,33.796224,12.874752,8.636,"Rain , Thunderstorm"
25,21.66666667,18.33333333,100,87,74,19.312128,9.656064,8.89,"Rain , Thunderstorm"
28.88888889,26.11111111,22.77777778,94,78,62,20.921472,6.437376,8.89,"Rain , Thunderstorm"
32.77777778,28.33333333,23.88888889,94,75,56,22.530816,4.828032,8.89,"Rain , Thunderstorm"
21.66666667,18.33333333,15,100,87,73,14.484096,4.828032,9.144,"Rain , Thunderstorm"
28.88888889,24.44444444,20,100,76,51,16.09344,6.437376,9.144,"Rain , Thunderstorm"
25,22.22222222,19.44444444,100,87,74,20.921472,6.437376,9.144,"Rain , Thunderstorm"
26.11111111,23.33333333,20,94,78,62,19.312128,8.04672,10.16,"Rain , Thunderstorm"
22.77777778,17.77777778,11.11111111,100,79,38,24.14016,8.04672,10.16,"Rain , Thunderstorm"
23.88888889,21.66666667,18.88888889,93,81,69,19.312128,6.437376,10.414,"Rain , Thunderstorm"
28.33333333,22.22222222,15.55555556,93,70,47,27.358848,8.04672,10.414,"Rain , Thunderstorm"
29.44444444,25,20.55555556,100,85,69,22.530816,8.04672,10.922,"Rain , Thunderstorm"
26.66666667,24.44444444,21.66666667,100,91,82,33.796224,9.656064,10.922,"Rain , Thunderstorm"
23.33333333,15.55555556,7.222222222,93,75,57,32.18688,6.437376,11.684,"Rain , Thunderstorm"
34.44444444,26.66666667,18.88888889,93,73,52,28.968192,6.437376,11.938,"Rain , Thunderstorm"
20.55555556,18.88888889,16.66666667,100,92,84,16.09344,6.437376,12.446,"Rain , Thunderstorm"
24.44444444,20.55555556,16.66666667,97,83,69,20.921472,8.04672,12.446,"Rain , Thunderstorm"
13.33333333,11.11111111,8.333333333,100,93,86,14.484096,6.437376,12.954,"Rain , Thunderstorm"
35.55555556,27.22222222,18.88888889,94,67,39,24.14016,8.04672,12.954,"Rain , Thunderstorm"
32.22222222,26.11111111,20,93,76,59,25.749504,11.265408,13.208,"Rain , Thunderstorm"
32.22222222,24.44444444,16.66666667,93,54,15,25.749504,8.04672,13.716,"Rain , Thunderstorm"
30,25,20,91,78,65,22.530816,6.437376,13.97,"Rain , Thunderstorm"
29.44444444,23.33333333,17.22222222,100,66,32,27.358848,6.437376,14.224,"Rain , Thunderstorm"
27.22222222,21.66666667,15.55555556,93,72,51,32.18688,6.437376,14.732,"Rain , Thunderstorm"
13.88888889,11.66666667,8.888888889,100,89,77,20.921472,11.265408,14.986,"Rain , Thunderstorm"
22.77777778,16.66666667,10.55555556,100,87,73,27.358848,8.04672,15.494,"Rain , Thunderstorm"
4.444444444,2.777777778,1.111111111,100,82,64,14.484096,8.04672,16.002,"Rain , Thunderstorm"
25.55555556,21.11111111,16.66666667,93,74,54,22.530816,9.656064,17.018,"Rain , Thunderstorm"
31.66666667,25,17.77777778,100,76,51,33.796224,8.04672,17.018,"Rain , Thunderstorm"
25,19.44444444,13.88888889,93,74,54,25.749504,9.656064,18.034,"Rain , Thunderstorm"
28.88888889,22.22222222,15.55555556,100,62,24,24.14016,8.04672,18.542,"Rain , Thunderstorm"
28.33333333,25.55555556,22.77777778,94,87,79,16.09344,6.437376,18.796,"Rain , Thunderstorm"
15,11.11111111,6.666666667,93,88,83,22.530816,6.437376,18.796,"Rain , Thunderstorm"
16.66666667,10.55555556,3.888888889,100,74,48,22.530816,4.828032,19.304,"Rain , Thunderstorm"
38.88888889,31.66666667,24.44444444,94,66,37,33.796224,4.828032,19.304,"Rain , Thunderstorm"
27.22222222,22.22222222,17.22222222,100,87,74,14.484096,3.218688,19.558,"Rain , Thunderstorm"
19.44444444,13.88888889,8.333333333,93,80,66,32.18688,14.484096,21.844,"Rain , Thunderstorm"
25,21.66666667,18.33333333,100,82,64,25.749504,6.437376,22.606,"Rain , Thunderstorm"
28.88888889,25.55555556,21.66666667,100,90,79,24.14016,4.828032,23.368,"Rain , Thunderstorm"
19.44444444,16.11111111,12.77777778,93,73,52,25.749504,12.874752,23.876,"Rain , Thunderstorm"
33.88888889,28.88888889,23.33333333,100,74,47,16.09344,4.828032,26.67,"Rain , Thunderstorm"
27.77777778,23.88888889,19.44444444,100,85,69,22.530816,4.828032,27.178,"Rain , Thunderstorm"
32.77777778,27.77777778,22.22222222,100,74,47,24.14016,3.218688,27.178,"Rain , Thunderstorm"
21.11111111,17.77777778,14.44444444,100,80,59,33.796224,6.437376,28.448,"Rain , Thunderstorm"
23.88888889,20.55555556,17.22222222,100,87,73,20.921472,6.437376,28.702,"Rain , Thunderstorm"
22.77777778,20,16.66666667,93,83,73,24.14016,11.265408,30.226,"Rain , Thunderstorm"
28.88888889,23.88888889,18.88888889,93,77,61,24.14016,6.437376,30.988,"Rain , Thunderstorm"
22.77777778,12.77777778,2.222222222,93,89,84,33.796224,16.09344,33.528,"Rain , Thunderstorm"
16.11111111,12.22222222,8.333333333,93,76,59,37.014912,14.484096,33.782,"Rain , Thunderstorm"
33.33333333,26.66666667,20,79,68,56,38.624256,12.874752,37.846,"Rain , Thunderstorm"
25.55555556,23.88888889,22.22222222,100,87,74,22.530816,4.828032,38.608,"Rain , Thunderstorm"
23.88888889,21.11111111,17.77777778,93,83,73,27.358848,8.04672,39.624,"Rain , Thunderstorm"
29.44444444,23.88888889,18.33333333,93,74,55,16.09344,4.828032,40.894,"Rain , Thunderstorm"
21.66666667,18.33333333,15,100,92,84,24.14016,12.874752,55.372,"Rain , Thunderstorm"
24.44444444,20.55555556,16.11111111,100,84,68,24.14016,8.04672,57.15,"Rain , Thunderstorm"
28.88888889,23.88888889,18.88888889,100,83,65,35.405568,8.04672,66.04,"Rain , Thunderstorm"
35.55555556,28.88888889,22.22222222,79,58,36,19.312128,3.218688,,"Rain , Thunderstorm"
31.11111111,26.11111111,21.11111111,93,74,55,19.312128,3.218688,,"Rain , Thunderstorm"
29.44444444,24.44444444,19.44444444,94,82,69,19.312128,8.04672,,"Rain , Thunderstorm"
28.88888889,21.11111111,12.77777778,86,63,39,20.921472,4.828032,,"Rain , Thunderstorm"
38.33333333,31.66666667,25,71,52,33,22.530816,6.437376,,"Rain , Thunderstorm"
34.44444444,28.88888889,22.77777778,94,77,59,22.530816,8.04672,,"Rain , Thunderstorm"
26.66666667,23.33333333,19.44444444,93,79,64,22.530816,8.04672,,"Rain , Thunderstorm"
21.11111111,17.77777778,13.88888889,80,68,55,24.14016,11.265408,,"Rain , Thunderstorm"
36.66666667,31.11111111,25,88,63,38,25.749504,4.828032,,"Rain , Thunderstorm"
26.66666667,22.22222222,17.22222222,90,80,69,25.749504,8.04672,,"Rain , Thunderstorm"
30,24.44444444,18.88888889,87,69,50,32.18688,8.04672,,"Rain , Thunderstorm"
37.77777778,31.11111111,23.88888889,87,59,31,14.484096,4.828032,0,Thunderstorm
36.66666667,31.66666667,26.11111111,74,54,33,16.09344,4.828032,0,Thunderstorm
37.77777778,31.66666667,25,88,60,31,19.312128,6.437376,0,Thunderstorm
32.22222222,27.77777778,22.77777778,100,82,64,19.312128,6.437376,0,Thunderstorm
33.33333333,28.88888889,23.88888889,94,73,52,20.921472,8.04672,0,Thunderstorm
31.66666667,25.55555556,18.88888889,100,80,59,20.921472,9.656064,0,Thunderstorm
18.88888889,12.77777778,6.666666667,100,86,72,20.921472,4.828032,0,Thunderstorm
29.44444444,23.88888889,18.33333333,63,44,25,22.530816,11.265408,0,Thunderstorm
31.11111111,24.44444444,17.22222222,93,61,29,22.530816,11.265408,0,Thunderstorm
31.11111111,26.11111111,21.11111111,93,76,59,24.14016,11.265408,0,Thunderstorm
35.55555556,30.55555556,25,76,55,34,25.749504,11.265408,0,Thunderstorm
33.88888889,27.77777778,21.66666667,93,67,41,25.749504,6.437376,0,Thunderstorm
31.66666667,24.44444444,17.22222222,90,64,37,28.968192,8.04672,0,Thunderstorm
36.11111111,30,23.88888889,94,70,46,35.405568,4.828032,0,Thunderstorm
33.33333333,26.11111111,18.88888889,82,64,45,28.968192,14.484096,0.254,Thunderstorm
33.88888889,27.77777778,21.11111111,100,61,21,19.312128,8.04672,1.016,Thunderstorm
30.55555556,26.66666667,22.22222222,84,66,48,24.14016,9.656064,,Thunderstorm
